Scenario,Agents,Strongest Rule,Success_Advantage,Success_CI_Low,Success_CI_High,Steps_Advantage,Steps_CI_Low,Steps_CI_High,Total_Cost_Advantage,Total_Cost_CI_Low,Total_Cost_CI_High,Cost_Gini_Advantage,Cost_Gini_CI_Low,Cost_Gini_CI_High,Boundary_Violations_Advantage,Boundary_Violations_CI_Low,Boundary_Violations_CI_High,Total_Reward_Advantage,Total_Reward_CI_Low,Total_Reward_CI_High,Final_Consensus_Advantage,Final_Consensus_CI_Low,Final_Consensus_CI_High,Consensus_AUC_Advantage,Consensus_AUC_CI_Low,Consensus_AUC_CI_High
iid_control,10,Bounded confidence,0.0,0.0,0.0,-1.94,-5.78,1.02,-2.565941956796763,-3.3762807239368864,-1.8972898373578202,0.019270534393746774,0.009928289487394375,0.028309911043566328,0.0,0.0,0.0,-0.3367213608976259,-2.3890285394566053,1.2606428341809004,0.0021318828225956187,0.0009345226839772593,0.0034055321254743798,0.0019775298978299506,0.0008107044908762229,0.0031890377090941693
iid_control,40,Bounded confidence,0.0,0.0,0.0,-0.46,-1.98,0.52,-11.131383470197434,-13.412499677594191,-9.274674812520534,0.029512029875932558,0.02440803846076454,0.0349733112836347,0.0,0.0,0.0,2.7426608398741923,2.0316901125231617,3.331929286286303,-0.000585029021672967,-0.0011867682201585066,1.635391583571598e-05,-0.001286631737116395,-0.0018136520131238098,-0.0007415974126739684
iid_control,100,Bounded confidence,0.0,0.0,0.0,-0.84,-1.42,-0.4,-25.20958023794572,-28.091189042488363,-22.53603397953101,0.034837028244962195,0.03141847176307255,0.03840943013648691,0.0,0.0,0.0,3.480514230237839,3.157896781749906,3.8260656341865684,-0.00045976408318113335,-0.000951015732356725,3.1526225971872015e-05,-0.0016040529550689108,-0.002046170006670179,-0.001166568664362811
hidden_heterogeneity,10,Mean consensus,0.18,0.08,0.3,21.92,12.54,32.48,-3.9494096321235146,-6.101831156352426,-2.2358317834089787,0.016438710329500606,0.0016743675825398306,0.03106673689912115,-0.06,-0.18,0.0,21.220404236238156,12.039809126586304,31.836898407567656,0.008310053774037617,0.006188268623770383,0.010585525207257683,0.008107683733619576,0.005995080476268113,0.010286499761991717
hidden_heterogeneity,40,Mean consensus,0.36,0.24,0.5,45.28,33.2,57.26049999999999,-14.423467637009644,-16.529933328697663,-12.366416025265465,0.01770038980832337,0.012075361634400827,0.02360993092082712,0.0,0.0,0.0,49.0041344210412,36.370554850808354,61.867253815158676,0.004079635642396482,0.002910391708697086,0.00531847941287991,0.004251069153163542,0.0031384680567651986,0.005458447021091902
hidden_heterogeneity,100,Mean consensus,0.64,0.5,0.76,72.84,62.599000000000004,82.88049999999998,-32.61454333546336,-35.912772662896536,-29.176606120984076,0.013791001967921048,0.009813222653665013,0.017706071601886156,0.0,0.0,0.0,81.40121112111541,69.42801951332179,92.64339189609404,0.005224495814890642,0.00415848908868361,0.006395138910470883,0.005163730032452804,0.004145057237985806,0.006281998472194243
mid_episode_switch,10,Mean consensus,0.0,0.0,0.0,0.14,-2.24,2.12,-0.587806485813093,-1.0773289075281056,-0.14539849676686262,0.015648772738441764,0.008180180155120965,0.02330288240212104,0.0,0.0,0.0,1.0332946132117895,-0.7139965879791242,2.689376573949919,0.0008714854386065695,-1.1907335686066495e-05,0.0018958413505980169,-0.0011499810147530788,-0.002254604231754641,5.1219195875930715e-05
mid_episode_switch,40,Bounded confidence,0.0,0.0,0.0,-2.88,-6.06,0.0,-4.499151131539742,-5.4097570595602384,-3.631065225003776,0.026433421294498317,0.022376984729346638,0.030644969619530036,0.0,0.0,0.0,5.032769521149467,3.036371384289302,7.271858931919251,-8.331305894719198e-05,-0.0003646294839091444,0.00016958528041288197,-0.0015650850525569936,-0.0021395954749998305,-0.0009531777343061642
mid_episode_switch,100,Bounded confidence,0.0,0.0,0.0,-1.3,-2.46,-0.02,-8.135565238045954,-9.38929276125767,-6.958098183358309,0.028809273894504252,0.025930650038435962,0.03202480186095885,0.0,0.0,0.0,6.303915785841638,5.113581831602125,7.564068966688082,-7.990375240731096e-05,-0.0002928114917156412,0.00013279795770106573,-0.002590422924115905,-0.0030149730472795273,-0.0021769259567076984
noisy_partial_feedback,10,Observable cost-aware,-0.06,-0.14,0.0,-1.28,-8.56,5.04,-57.43155350745017,-78.61580573837585,-38.46180340765916,0.02231241255086446,-0.007594409735218729,0.0509922168093577,-0.46,-0.8,-0.16,-7.710501073081148,-16.001213312472732,-0.7880284581176805,0.0004605202840671452,-0.0011117556904814017,0.001851632441230392,0.004022591678486229,0.0016489509756468668,0.006214858465204083
noisy_partial_feedback,40,Bounded confidence,-0.4,-0.54,-0.26,-56.42,-66.3205,-46.32,-640.5933245247069,-729.849027965827,-552.5562710166761,-0.00811589140994317,-0.018375350454401786,0.00218686992836614,-4.68,-6.1,-3.32,-67.5171907682114,-78.7206771454438,-55.91215559200305,-0.009042785355113159,-0.011951970809974743,-0.006260785085070117,-0.013879033659847566,-0.015799763568186274,-0.011991035959784162
noisy_partial_feedback,100,Bounded confidence,-0.84,-0.94,-0.74,-78.9,-85.94,-70.6,-2055.5314061822623,-2157.149825585523,-1954.149185928851,-0.025513524300068903,-0.0331468450056761,-0.017727874317418502,-8.2,-10.44,-6.16,-96.47609578312627,-103.8407205798667,-88.18422573301642,-0.013826657103210021,-0.015436298545225564,-0.01219227658876985,-0.01730125293926603,-0.018476293685366622,-0.01616582674198863
interval_shift,10,Bounded confidence,0.0,0.0,0.0,0.58,0.34,0.84,-1.7031876179784746,-2.20261698475047,-1.259323777324558,0.020529025580312655,0.011763728727266956,0.029961761212803566,0.0,0.0,0.0,0.7986139742252502,0.6431798243062714,0.967327957018905,0.004955336569177733,0.00238131493767403,0.007572461465066282,0.004622265243578161,0.0021640257045762033,0.007199182472510543
interval_shift,40,Bounded confidence,0.0,0.0,0.0,0.2,0.0,0.4,-6.970643334966812,-8.20733796050331,-5.777733073450953,0.02535804233168129,0.020893133357370353,0.029952572304252995,0.0,0.0,0.0,1.691712441771163,1.4187693379035557,1.97005758884571,0.0007023516215643988,-0.0006707972926342653,0.002120853936799628,4.3851848019913484e-05,-0.0012487884503434117,0.0014012041125360498
interval_shift,100,Bounded confidence,0.0,0.0,0.0,-0.02,-0.16,0.12,-15.306642588172105,-16.9712836359222,-13.680394305484617,0.026879555283699657,0.024236409801197754,0.02949773212909884,0.0,0.0,0.0,2.066145049305192,1.8424136621694849,2.284361558960809,-0.0006151690102029761,-0.0017001473519713357,0.0005540063677922604,-0.0013937005423813199,-0.002380629761222087,-0.00031876925549790614
