Scenario,Agents,Meta Success,Best Rule Success,Success Gain,Meta Steps,Best Success-Matched Rule Steps,Steps Saved,Meta Cost,Best Success-Matched Rule Cost,Cost Saved,Meta Gini,Best Success-Matched Rule Gini,Gini Gain,Meta Reward,Best Success-Matched Rule Reward,Reward Gain,Meta Consensus AUC,Best Success-Matched Rule Consensus AUC,AUC Gain
hidden_heterogeneity,10,0.98,0.8,0.17999999999999994,17.4,39.32,21.92,28.048367618933195,16.459452266773514,-11.588915352159681,0.5346789137073671,0.5106639011293074,-0.024015012578059713,17.364981412264985,-3.8554228239731714,21.220404236238156,0.8899118049607649,0.8818041212271455,0.008107683733619475
hidden_heterogeneity,40,1.0,0.64,0.36,17.9,63.18,45.28,121.1375823942462,76.14640993700634,-44.991172457239855,0.5365331708106769,0.5289728682658658,-0.007560302544811104,17.182156153664216,-31.82197826737698,49.0041344210412,0.8812524917810645,0.8770014226279009,0.004251069153163534
hidden_heterogeneity,100,1.0,0.36,0.64,20.32,93.16,72.84,303.6177745652629,194.35479114640665,-109.26298341885624,0.5466004884883242,0.5362474140130493,-0.010353074475274893,14.706005137621842,-66.69520598349357,81.40121112111541,0.8786250567919274,0.8734613267594744,0.005163730032452962
iid_control,10,1.0,1.0,0.0,15.7,13.62,-2.08,27.417630460908143,19.29603543834029,-8.121595022567853,0.5571417734332104,0.5662185673676735,0.009076793934463145,21.28381582640295,21.620537187300574,-0.3367213608976236,0.8879312509575543,0.8863015747627709,0.0016296761947833804
iid_control,40,1.0,1.0,0.0,17.54,17.02,-0.5199999999999996,109.74634015019073,77.18575967776452,-32.56058047242621,0.52916532213911,0.5424227881002485,0.013257465961138415,20.410303073442332,17.66764223356814,2.7426608398741905,0.881674987840818,0.8829616195779343,-0.001286631737116295
iid_control,100,1.0,1.0,0.0,18.86,18.02,-0.8399999999999999,288.57769057753546,207.7267084627909,-80.85098211474457,0.5325720716913618,0.552403985006546,0.01983191331518419,19.654898054153048,16.174383823915207,3.4805142302378407,0.8807380459309755,0.8826217939062804,-0.0018837479753048836
interval_shift,10,1.0,1.0,0.0,7.66,8.22,0.5600000000000005,21.535409156335255,13.813424696009758,-7.721984460325498,0.5586194654534352,0.5741050916105782,0.015485626157142995,24.401560220946354,23.602946246721103,0.7986139742252512,0.9034659847112549,0.899025578546912,0.004440406164342936
interval_shift,40,1.0,1.0,0.0,11.84,12.04,0.1999999999999993,93.45664485538238,62.04220066968731,-31.414444185695068,0.542443841010622,0.5610505440759812,0.018606703065359165,22.261526808094665,20.569814366323502,1.6917124417711626,0.8934529855124711,0.8936037447559767,-0.00015075924350560488
interval_shift,100,1.0,1.0,0.0,13.32,13.24,-0.08000000000000007,241.08311582302446,161.854142185184,-79.22897363784045,0.5391249614037533,0.5602369234297995,0.02111196202604615,21.17144749589231,19.105302446587114,2.066145049305195,0.8902626598694432,0.8916563604118245,-0.0013937005423813043
mid_episode_switch,10,0.96,0.96,0.0,33.06,33.2,0.14000000000000057,15.374592613083784,11.017090498281288,-4.357502114802497,0.5189304642320935,0.5345792369705353,0.015648772738441785,8.128063818905636,7.094769205693845,1.0332946132117904,0.8629034238813411,0.8640534048960942,-0.0011499810147530543
mid_episode_switch,40,1.0,1.0,0.0,42.72,39.7,-3.019999999999996,63.890670635997076,46.483959632699545,-17.40671100329753,0.5580057527569798,0.5743696965684841,0.0163639438115043,1.3861380955420126,-3.646631425607454,5.032769521149467,0.8586298573847192,0.8604747829361244,-0.001844925551405252
mid_episode_switch,100,1.0,1.0,0.0,43.46,42.12,-1.3400000000000034,153.4653350164762,114.21454766503886,-39.250787351437324,0.5578284891966403,0.5758415024376451,0.018013013241004794,-1.3240848416103654,-7.628000627452003,6.303915785841638,0.8570053460099634,0.8598107887050774,-0.0028054426951140687
noisy_partial_feedback,10,0.88,0.94,-0.05999999999999994,33.72,27.04,-6.68,82.51512356806384,25.083570060613678,-57.43155350745016,0.5305814640574166,0.5342083934739139,0.0036269294164973376,-0.6951537105290501,9.486029709804255,-10.181183420333305,0.8823918389335189,0.8854037158640107,-0.0030118769304917636
noisy_partial_feedback,40,0.52,0.92,-0.4,90.96,34.54,-56.419999999999995,821.197547300089,124.45552096779798,-696.7420263322911,0.5142876625976617,0.5003378143449289,-0.013949848252732822,-65.06969633599037,2.447494432221027,-67.51719076821139,0.8663633749259317,0.8804768714151935,-0.014113496489261745
noisy_partial_feedback,100,0.08,0.92,-0.8400000000000001,117.36,38.4,-78.96000000000001,2523.9308417400707,322.6786946829659,-2201.2521470571046,0.5289179098765291,0.499567675622276,-0.029350234254253094,-98.53789909259368,-2.061803309467402,-96.47609578312627,0.862072234581412,0.8794605706753613,-0.017388336093949297
