Scenario,Agents,Rule,Success_Advantage,Success_CI_Low,Success_CI_High,Steps_Advantage,Steps_CI_Low,Steps_CI_High,Total_Cost_Advantage,Total_Cost_CI_Low,Total_Cost_CI_High,Cost_Gini_Advantage,Cost_Gini_CI_Low,Cost_Gini_CI_High,Boundary_Violations_Advantage,Boundary_Violations_CI_Low,Boundary_Violations_CI_High,Total_Reward_Advantage,Total_Reward_CI_Low,Total_Reward_CI_High,Final_Consensus_Advantage,Final_Consensus_CI_Low,Final_Consensus_CI_High,Consensus_AUC_Advantage,Consensus_AUC_CI_Low,Consensus_AUC_CI_High
iid_control,10,Bounded confidence,0.0,0.0,0.0,-1.94,-5.86,1.02,-2.565941956796763,-3.3490999710252285,-1.8795805061854103,0.019270534393746774,0.01016034432645836,0.028139438619634145,0.0,0.0,0.0,-0.3367213608976259,-2.2829732118245705,1.2460356054698052,0.0021318828225956187,0.0009544721780016442,0.003410396640399861,0.0019775298978299506,0.0008223560010437852,0.0031957448177437676
iid_control,10,Mean consensus,0.0,0.0,0.0,-2.08,-5.78,0.92,-1.5936561367014002,-2.373486978518356,-0.9095084751157013,0.009076793934463154,0.0010439062899089086,0.016751094609543406,0.0,0.0,0.0,-0.3120533951073001,-2.232453006895425,1.2733581240168306,0.0022538408795532015,0.0008142654409635804,0.0038078171061450778,0.001629676194783467,0.00023503701573891406,0.0030894096878019014
iid_control,10,Observable cost-aware,0.0,0.0,0.0,6.12,3.16,8.66,-8.121595022567853,-9.182755553926214,-7.169807077772982,0.047337854871243396,0.03509417528568176,0.05980670628002887,0.0,0.0,0.0,5.989718380218119,4.190779283569194,7.696212516467606,0.0038912432708875077,0.0024873164757150726,0.0053710297617409666,0.008417301697576542,0.007088326210885195,0.009763757492107627
iid_control,10,Random,1.0,1.0,1.0,104.3,99.64,108.12,385.77134359865755,346.1679703001381,428.1165627401445,-0.028353236879411443,-0.05337765493240772,-0.002928004832912186,212.98,191.459,235.2805,237.62824108848875,230.4298529090733,244.83684917237176,0.8403465090753314,0.8118947963298107,0.8645922595290313,0.7394171008848032,0.7200204074119483,0.757226920545666
iid_control,40,Bounded confidence,0.0,0.0,0.0,-0.46,-1.96,0.52,-11.131383470197434,-13.381484663674174,-9.25669055587162,0.029512029875932558,0.024482453082984655,0.03504864644807732,0.0,0.0,0.0,2.7426608398741923,2.0317599224273404,3.334022744911346,-0.000585029021672967,-0.0011614933631446946,4.122108385220654e-06,-0.001286631737116395,-0.001817470093636316,-0.0007386873967846666
iid_control,40,Mean consensus,0.0,0.0,0.0,-0.52,-2.02,0.44,-6.722542198169448,-8.906228242758319,-4.929247386427378,0.013257465961138429,0.00863362169507738,0.01795601860618441,0.0,0.0,0.0,2.8775662132520687,2.1761544465563873,3.4677180809957098,-0.00037653072596667726,-0.0010502946425805135,0.0003251003654566169,-0.0012286185791221648,-0.0018311386687056886,-0.000585356867831536
iid_control,40,Observable cost-aware,0.0,0.0,0.0,7.26,5.96,8.24,-32.560580472426224,-35.56232486993061,-30.097459517076256,0.0715976310599631,0.0653373774594809,0.07821259232726208,0.0,0.0,0.0,9.493921427466486,8.719051110055458,10.291740670659909,0.0011244826369520599,0.000638131817275106,0.0016503818371699378,0.004192586538842549,0.0037666831094173557,0.004626286269042409
iid_control,40,Random,1.0,1.0,1.0,102.46,100.7,103.98,1697.1811830047802,1618.4848494546434,1774.8198106386726,-0.014370214870119899,-0.027212735597502966,-0.0015514441696505429,870.02,820.28,920.8019999999999,249.664914959857,245.89279149007916,253.2907769048499,0.8982068349578713,0.8941815211751889,0.9012351103602471,0.8502887998413899,0.844878931511527,0.8553711494102172
iid_control,100,Bounded confidence,0.0,0.0,0.0,-0.84,-1.42,-0.42,-25.20958023794572,-28.096124285567086,-22.54402806796198,0.034837028244962195,0.031385613403162,0.038471385362444294,0.0,0.0,0.0,3.480514230237839,3.1540340208593913,3.8173728728512732,-0.00045976408318113335,-0.0009578383056413728,3.2322151083469133e-05,-0.0016040529550689108,-0.0020428539331083656,-0.001169782009014004
iid_control,100,Mean consensus,0.0,0.0,0.0,-0.8,-1.4,-0.36,-14.713726083792217,-17.40891602205682,-12.201383683040644,0.019831913315184156,0.016753892740068516,0.023006898507237524,0.0,0.0,0.0,3.670619741244524,3.343568003499286,4.016052543591148,-0.0006803436050480038,-0.0011694826422530438,-0.00020462212601956602,-0.001883747975304888,-0.002322461178509751,-0.0014600781931199713
iid_control,100,Observable cost-aware,0.0,0.0,0.0,7.32,6.8,7.8,-80.8509821147446,-84.22170886003862,-77.61190459443374,0.07557859737907176,0.0718898355301392,0.07936399634790217,0.0,0.0,0.0,10.615612286089624,9.966815783839975,11.27483625107861,0.0005779509829630225,0.0001982108643789516,0.0009681608076936662,0.0034539181286085486,0.0030921596278432875,0.0038399983223029754
iid_control,100,Random,1.0,1.0,1.0,101.14,99.9,102.24,4339.641421560852,4242.260452642089,4437.972364908841,-0.009112097833396077,-0.016958981029765962,-0.0010362386150729794,2077.18,1997.6184999999998,2161.8205000000003,251.09554661935,249.1917361197042,253.0788941699527,0.9008423772831939,0.8995265706959314,0.9016852439322283,0.8741852225788665,0.8729543679274846,0.8754054035471466
hidden_heterogeneity,10,Bounded confidence,0.2,0.1,0.32,24.5,14.88,35.720499999999994,-5.087125439533168,-7.263003648922685,-3.3326856824198763,0.025128344985136653,0.008155856094384144,0.04131465054137005,-0.06,-0.18,0.0,23.828334505631187,14.181522003674088,34.907071076787744,0.008467348483612629,0.006290113081443496,0.010811840702800479,0.008927729622609406,0.0067276532365281826,0.011202552525838854
hidden_heterogeneity,10,Mean consensus,0.18,0.08,0.28,21.92,12.62,32.54,-3.9494096321235146,-6.059666459252286,-2.2428252507478064,0.016438710329500606,0.0015817653303171013,0.03136570853037782,-0.06,-0.18,0.0,21.220404236238156,11.949106126288786,31.515876358139025,0.008310053774037617,0.006176640670543465,0.010529098919151733,0.008107683733619576,0.005999058727540941,0.010289051678147091
hidden_heterogeneity,10,Observable cost-aware,0.64,0.5,0.76,76.24,64.45899999999999,87.06,-11.588915352159677,-13.905965303718112,-9.606425616179315,0.08668646140883951,0.0634253598669002,0.10939200836018653,-0.06,-0.18,0.0,73.22449655236858,60.97636036432589,84.93181145172252,0.03589298268503107,0.026920759915582376,0.04555298813521281,0.04417021377967169,0.03580949464191041,0.05305437461490751
hidden_heterogeneity,10,Random,0.98,0.94,1.0,102.6,96.24,107.8,335.44265777789025,304.52749242530524,366.8946897549796,-0.024015012578059765,-0.05039841060941119,0.0028503948765600754,204.22,177.52,231.0205,228.26100703171423,219.22552427724844,236.753739463451,0.80618359181372,0.762986507779284,0.8440936072124173,0.7331212361413713,0.7074757475459186,0.7572514428134485
hidden_heterogeneity,40,Bounded confidence,0.4,0.26,0.54,45.7,33.3195,58.140999999999984,-18.757696417623702,-21.07740762523078,-16.524909751901298,0.030758596973884774,0.02515590555388228,0.03664322780840755,0.0,0.0,0.0,49.89477301388758,36.88923401900763,63.29234298323753,0.004393761606552131,0.0031934590418492737,0.005719282879733433,0.004641276854049745,0.0034739276259282774,0.005918321695018663
hidden_heterogeneity,40,Mean consensus,0.36,0.22,0.5,45.28,33.2,57.44,-14.423467637009644,-16.5672661824935,-12.331102584337332,0.01770038980832337,0.01204214057258843,0.023560790109582265,0.0,0.0,0.0,49.0041344210412,36.35580884005442,62.24356571416539,0.004079635642396482,0.0029449043325539786,0.005317355022115101,0.004251069153163542,0.0031449754243833544,0.005467083870999332
hidden_heterogeneity,40,Observable cost-aware,1.0,1.0,1.0,102.1,100.76,103.38,-44.99117245723986,-47.937366794684216,-42.04242319646124,0.08277897892705494,0.07538986848383503,0.09030283082603596,0.0,0.0,0.0,111.60323132968907,109.25677906145386,113.83042243221804,0.0484297614970918,0.04381922553534281,0.05308312004893941,0.05318631804935322,0.049123433654177956,0.05731134390675212
hidden_heterogeneity,40,Random,1.0,1.0,1.0,102.1,100.74,103.4,1383.860791041946,1331.4167050690737,1435.5080504491696,-0.007560302544811084,-0.018783949990475935,0.003665986823730883,819.44,771.2995,867.622,242.15154445997848,238.82636633408822,245.42530036939587,0.8939182040831777,0.8819250942561812,0.9012420208719132,0.8504885029888889,0.8459044958750017,0.854744157911588
hidden_heterogeneity,100,Bounded confidence,0.68,0.54,0.8,75.18,64.48,84.9,-44.74802201186584,-48.07120018636827,-41.38457076902928,0.030549229819879196,0.02622597772139285,0.03479628629396021,0.0,0.0,0.0,83.91607283537842,71.99100259921845,94.94935448791331,0.005363577070403401,0.0042753401147478136,0.0065560631683517084,0.0054484996527634725,0.00441133269244802,0.006568796289875933
hidden_heterogeneity,100,Mean consensus,0.64,0.5,0.76,72.84,62.18,82.96049999999998,-32.61454333546336,-35.95925607311016,-29.253822786964506,0.013791001967921048,0.009862513782426106,0.0177765573215198,0.0,0.0,0.0,81.40121112111541,69.35795612585443,92.73963381299941,0.005224495814890642,0.004155483321735955,0.006370630215547985,0.005163730032452804,0.004156544984878909,0.006247983726513237
hidden_heterogeneity,100,Observable cost-aware,1.0,1.0,1.0,99.68,98.73949999999999,100.62,-109.26298341885625,-113.9377268303838,-104.42906572951132,0.08524305791289624,0.0800568442951197,0.09053395899959546,0.0,0.0,0.0,115.03764919718824,113.38500720707158,116.56043934048921,0.057512088528068564,0.05402752532717643,0.061074870964094904,0.06000056590329786,0.0569757579575217,0.06310456853531293
hidden_heterogeneity,100,Random,1.0,1.0,1.0,99.68,98.72,100.62,3452.7306773314617,3340.5587422769636,3567.129945697033,-0.010353074475274804,-0.020437424498877057,-0.0002341900768775103,2064.72,1994.4395,2136.3810000000003,242.2886994093851,240.14789773045254,244.4349818979547,0.9006645009764143,0.8986662776752801,0.9020209942825104,0.8714216073990244,0.8699243568348509,0.872869823134757
mid_episode_switch,10,Bounded confidence,0.0,0.0,0.0,0.4,-1.92,2.34,-1.1745756431833767,-1.6441308073307532,-0.7586555943498391,0.028873044735958326,0.018909416418832207,0.03968782275474925,0.0,0.0,0.0,1.138987409493982,-0.5605074262527134,2.762814809535321,0.0005259515121571412,-0.0001376598639536261,0.001209603190525591,-0.0008080291297635544,-0.001670278427090114,0.00013052942362028785
mid_episode_switch,10,Mean consensus,0.0,0.0,0.0,0.14,-2.28,2.12,-0.587806485813093,-1.081978472599246,-0.14412999894590647,0.015648772738441764,0.008145805099918768,0.02315545363982895,0.0,0.0,0.0,1.0332946132117895,-0.6882771056582264,2.656054390962375,0.0008714854386065695,-9.904986573811714e-06,0.0018467281296840063,-0.0011499810147530788,-0.0022232074019585164,1.9230492739142027e-05
mid_episode_switch,10,Observable cost-aware,0.02,0.0,0.06,26.76,21.48,32.34,-4.357502114802495,-5.011326352932615,-3.7476471701830025,0.058550666716589345,0.045566191874280244,0.07149256466507437,0.0,0.0,0.0,24.803057313833555,20.107048372414873,29.78660111161886,0.002052486250601444,0.0012626968765024583,0.0029490832280217373,0.015151882984067222,0.012738485861366448,0.017679451105055748
mid_episode_switch,10,Random,0.96,0.9,1.0,86.94,79.7,93.06,100.96556620178788,90.03479902939777,111.6922792585716,0.039157738753634715,0.010881285464140342,0.06758153341194885,130.46,110.06,151.32049999999998,180.09982333137157,172.85694654577514,186.8079771814633,0.7444790989118475,0.7026658709619941,0.7845511392895861,0.6537302130874578,0.6293453539409217,0.6776761472861629
mid_episode_switch,40,Bounded confidence,0.0,0.0,0.0,-2.88,-5.94,0.0,-4.499151131539742,-5.38669996172576,-3.639047753056777,0.026433421294498317,0.02243315904976049,0.03065342405958116,0.0,0.0,0.0,5.032769521149467,3.0437444916988063,7.1872622456693795,-8.331305894719198e-05,-0.0003625358210256083,0.00017386288971946905,-0.0015650850525569936,-0.002139860438480846,-0.0009622131841640325
mid_episode_switch,40,Mean consensus,0.0,0.0,0.0,-3.02,-6.16,-0.17950000000000726,-2.4381429015069402,-3.3506611988685773,-1.516788136085315,0.0163639438115044,0.013051473113635909,0.01974904455728144,0.0,0.0,0.0,5.075365008560003,3.0339462481681245,7.239385079220589,-0.00010410949819404047,-0.00041621276589005185,0.00014883476635176656,-0.0018449255514053564,-0.002414802496937165,-0.001241891145734885
mid_episode_switch,40,Observable cost-aware,0.04,0.0,0.1,31.54,27.84,35.28,-17.406711003297538,-18.602648712427513,-16.228632701394332,0.06375164611607785,0.058556951704034334,0.06910901958001286,0.0,0.0,0.0,37.48496587973633,33.19145771386444,42.05819230411661,0.0009395776422504464,0.00048508148974988263,0.0016057333900278273,0.014312705448842646,0.012841990866885405,0.015872526089932098
mid_episode_switch,40,Random,1.0,1.0,1.0,77.28,73.02,81.32,405.02056704634015,382.8596772495834,427.8467976174038,0.018030424038315278,0.0027665656055072805,0.0327711199474253,525.6,478.71900000000005,575.1819999999999,185.54318989205694,181.91981869499116,189.1083882367866,0.8626100295318844,0.8494464996048156,0.8751592107282711,0.7705420777879408,0.7557257031678459,0.7843747690744381
mid_episode_switch,100,Bounded confidence,0.0,0.0,0.0,-1.3,-2.46,-0.08,-8.135565238045954,-9.361221901755238,-6.968255622739593,0.028809273894504252,0.02593625329358239,0.031983827343810424,0.0,0.0,0.0,6.303915785841638,5.08887135948947,7.5702633187013975,-7.990375240731096e-05,-0.00028999469153623834,0.00013404845582131245,-0.002590422924115905,-0.0030007150849468743,-0.002192140845042797
mid_episode_switch,100,Mean consensus,0.0,0.0,0.0,-1.34,-2.46,-0.1,-2.8545312140000174,-4.064291322241824,-1.6726297803316363,0.018013013241004704,0.015309831712482864,0.020806383284458278,0.0,0.0,0.0,6.416986066179504,5.199738904749921,7.665148772236198,-0.00011030260459690577,-0.0003261961621323041,0.00010928976333419287,-0.0028054426951140687,-0.0032291200427528688,-0.002415574968640227
mid_episode_switch,100,Observable cost-aware,0.02,0.0,0.06,31.74,29.4,34.26,-39.250787351437324,-40.78037134697384,-37.78195997655753,0.0684937307511038,0.06521440787217034,0.07196418818712685,0.0,0.0,0.0,37.922554214137584,34.937659936358784,41.10223332603585,0.0005075671409485682,0.00022965736717566192,0.0009278152579277466,0.012166900531125518,0.011318670343638051,0.013049883760730414
mid_episode_switch,100,Random,1.0,1.0,1.0,76.54,73.0795,79.84,991.4872626556412,954.3159601549334,1028.6109469574596,0.02092786883026413,0.009815690360183814,0.03210979054708161,1330.38,1265.9775,1396.7405,185.7202594423312,181.98468629523725,189.23352692786924,0.8926969117784853,0.8872654243764787,0.897421481231572,0.8255325155411277,0.8197848233415399,0.8310482512574641
noisy_partial_feedback,10,Bounded confidence,-0.04,-0.1,0.0,-6.54,-12.72,-0.94,-44.85272372285599,-63.261011100924804,-28.717019828184593,0.009637832971822625,-0.009934947194181596,0.02880494456703788,-0.46,-0.8,-0.18,-10.177714784531018,-16.808057988647626,-4.419428000639712,-0.0007241140606300833,-0.002389140466655199,0.0008631800274400623,-0.002659681956352471,-0.0046350864808448805,-0.0008070351487485402
noisy_partial_feedback,10,Mean consensus,-0.04,-0.1,0.0,-6.68,-13.12,-1.1,-43.62972819693108,-62.291413856912186,-27.911196951240527,0.0036269294164973463,-0.01291346513127958,0.019852051323641703,-0.46,-0.78,-0.18,-10.181183420333305,-16.758741086163823,-4.463143204444971,-0.0006594645289516232,-0.0023628082467318213,0.0009519938401311613,-0.0030118769304916014,-0.005015773564376771,-0.0011201521208549885
noisy_partial_feedback,10,Observable cost-aware,-0.06,-0.14,0.0,-1.28,-8.72,4.940499999999993,-57.43155350745017,-78.59280806998581,-39.006060517011925,0.02231241255086446,-0.00694807753984048,0.050945303587498804,-0.46,-0.8,-0.16,-7.710501073081148,-15.752957524434203,-0.7367799973075796,0.0004605202840671452,-0.001156743633042181,0.0018543450908782661,0.004022591678486229,0.001738389943278846,0.0061537121691864
noisy_partial_feedback,10,Random,0.88,0.78,0.96,86.28,75.6,95.38049999999998,375.1825668680343,334.4059079929259,417.63090174105196,0.003059455415458976,-0.014581635307409224,0.02168340873636813,209.76,187.79950000000002,232.06,217.3574319207645,204.47331704739378,229.57065753619523,0.7861276929259488,0.7452030179859613,0.8220730069350525,0.7383197018492988,0.7194540670021244,0.7561186852957649
noisy_partial_feedback,40,Bounded confidence,-0.4,-0.54,-0.26,-56.42,-66.14,-46.459500000000006,-640.5933245247069,-730.1664331809615,-552.2935245130443,-0.00811589140994317,-0.018885945555101074,0.0019803769447938246,-4.68,-6.06,-3.32,-67.5171907682114,-79.02166042007566,-56.19866029032598,-0.009042785355113159,-0.011855942871969097,-0.006285933025168027,-0.013879033659847566,-0.015757727215428084,-0.01203772798602844
noisy_partial_feedback,40,Mean consensus,-0.4,-0.54,-0.26,-56.3,-66.08,-46.319500000000005,-635.7654572980485,-725.0607670010029,-546.0259191092805,-0.013949848252732938,-0.023273571454712223,-0.004164611513444916,-4.68,-6.08,-3.34,-67.3196072807651,-78.61323429984863,-55.90413360420904,-0.009160586954780408,-0.012083356029148007,-0.006260496509211376,-0.014113496489261738,-0.01598499210811768,-0.012221061329075794
noisy_partial_feedback,40,Observable cost-aware,-0.38,-0.52,-0.26,-42.44,-52.58,-32.12,-696.7420263322912,-789.538927347265,-602.6925773715443,0.0023545614084583867,-0.015771909594116697,0.01952512439772584,-4.68,-6.08,-3.38,-57.864436463050126,-69.17622500440608,-46.44058314348983,-0.007481109055375019,-0.01050035422613423,-0.0046553373700178435,-0.00675881578306952,-0.009072694240385593,-0.004428291017664951
noisy_partial_feedback,40,Random,0.52,0.38,0.66,29.04,20.02,38.780499999999996,1108.9911829573489,1031.3569177842314,1193.459847937339,-0.007568839240885836,-0.012829097136451235,-0.002202536360716369,862.38,816.9985,906.1804999999999,166.9541531552205,156.09582006921778,178.4201259007964,0.8813856552696214,0.8695254492025475,0.8905479744532553,0.8399404269710434,0.8344869026712073,0.8447220254137288
noisy_partial_feedback,100,Bounded confidence,-0.84,-0.94,-0.74,-78.9,-85.92,-70.98,-2055.5314061822623,-2156.0698970102076,-1952.6464418151925,-0.025513524300068903,-0.03351024431063166,-0.017718302834951488,-8.2,-10.38,-6.18,-96.47609578312627,-103.80516971871675,-88.13723066631415,-0.013826657103210021,-0.015417309329863226,-0.012175159100228813,-0.01730125293926603,-0.01847149186971054,-0.016162799221704296
noisy_partial_feedback,100,Mean consensus,-0.84,-0.94,-0.74,-78.96,-85.98,-70.78,-2044.783901757656,-2144.1919506921845,-1941.1683878119645,-0.029350234254253024,-0.036598937273144734,-0.022081985953796082,-8.2,-10.42,-6.16,-96.42316141051327,-103.84927668514638,-88.07645219092946,-0.013811222183437723,-0.015392579224226682,-0.012188789973722405,-0.01738833609394935,-0.018563952065213954,-0.016231673528662956
noisy_partial_feedback,100,Observable cost-aware,-0.8,-0.9,-0.68,-59.38,-67.14,-51.039500000000004,-2201.252147057105,-2303.204064737237,-2097.4787627707524,-0.02265070341781536,-0.03593518885865318,-0.00966473786222588,-8.2,-10.4,-6.14,-82.32369957255683,-89.64215362231094,-74.16419916682443,-0.013088831224634308,-0.014676805111722719,-0.011407988176076269,-0.01087215629931239,-0.012286836190267263,-0.009498250681927126
noisy_partial_feedback,100,Random,0.08,0.02,0.16,2.64,0.18,5.7,2253.906944725326,2182.282116894579,2327.5935483471812,-0.014426443039188337,-0.01728280255590773,-0.011557193867690987,2066.66,1988.9595,2146.9035,133.71537781391234,130.2313516592677,137.69371315015155,0.8866130176801008,0.8847926466326445,0.888469434497595,0.85538508065765,0.8538367799691325,0.8569465828256548
interval_shift,10,Bounded confidence,0.0,0.0,0.0,0.58,0.34,0.84,-1.7031876179784746,-2.1936570733751672,-1.2668214380105833,0.020529025580312655,0.011739136718326186,0.030031932266130917,0.0,0.0,0.0,0.7986139742252502,0.6387266117380664,0.961424422264617,0.004955336569177733,0.002375203902791304,0.007634814198067633,0.004622265243578161,0.0021961579181136383,0.007257010006848289
interval_shift,10,Mean consensus,0.0,0.0,0.0,0.56,0.32,0.8204999999999927,-1.3758712579422758,-1.82087555518342,-0.9699660981968236,0.015485626157143013,0.006832065501271429,0.024910574333707358,0.0,0.0,0.0,0.8092249062177881,0.654311431392126,0.9737770155050219,0.00491525614337317,0.002204414149310662,0.007835342422740553,0.004440406164342947,0.001866830049990157,0.007202024340584886
interval_shift,10,Observable cost-aware,0.0,0.0,0.0,5.08,4.38,5.82,-7.721984460325494,-8.48850368189907,-7.018041182148941,0.0685613988937778,0.05556959114434471,0.08245598273464423,0.0,0.0,0.0,4.017336115104639,3.4488860464772895,4.621328940331158,0.008538765321594907,0.005860625632171408,0.011279770116076542,0.011823907101824046,0.009278800412103494,0.014331004335426199
interval_shift,10,Random,1.0,1.0,1.0,112.34,111.52,113.1,415.1942527348464,376.8364764139076,454.1728420050764,-0.030852487226588166,-0.054293024682727946,-0.007200889410147917,242.0,219.07950000000002,265.46,241.17905971844485,234.41288621624798,247.85319259699605,0.8148916340679816,0.7810083046419637,0.84655603329829,0.751700754070887,0.7304024987095676,0.7720221623091582
interval_shift,40,Bounded confidence,0.0,0.0,0.0,0.2,0.0,0.4,-6.970643334966812,-8.209164414089422,-5.776386055888516,0.02535804233168129,0.02077430257762227,0.03017050950920177,0.0,0.0,0.0,1.691712441771163,1.4201895750433915,1.9703645509060723,0.0007023516215643988,-0.0006834107340658719,0.0020708201447803137,4.3851848019913484e-05,-0.001241895267595548,0.001332119031866404
interval_shift,40,Mean consensus,0.0,0.0,0.0,0.2,0.0,0.4,-5.250207670363119,-6.443416692728351,-4.098558694595047,0.018606703065359144,0.014370666162108237,0.023019197463773587,0.0,0.0,0.0,1.749970522580185,1.4758796596648829,2.038456261692507,0.0005542328141359598,-0.0007346746798561633,0.0018545157886266715,-0.00015075924350562485,-0.0013514190727503344,0.0010780519708002284
interval_shift,40,Observable cost-aware,0.0,0.0,0.0,5.04,4.66,5.42,-31.41444418569507,-33.085603848213715,-29.790608436944424,0.07647049635250265,0.07036045493508986,0.08289924061569605,0.0,0.0,0.0,5.388738305493434,4.875892100991713,5.919682292435912,0.0047134456356164225,0.00353313902364301,0.005973420009345842,0.007575899592587307,0.006451910844907177,0.008742373023531575
interval_shift,40,Random,1.0,1.0,1.0,108.16,107.34,109.0,1701.2122001559794,1633.154948414015,1768.5571853799413,-0.025763704087371563,-0.037220242367341325,-0.014103035407490876,955.42,917.28,994.38,250.34758165571438,247.52960943787835,253.13279219242796,0.8998752611156954,0.890747863827413,0.9058483673680223,0.8693002560538041,0.8658203010967392,0.8726638864467001
interval_shift,100,Bounded confidence,0.0,0.0,0.0,-0.02,-0.16,0.12,-15.306642588172105,-17.007465332396894,-13.644972817814347,0.026879555283699657,0.024195200857379025,0.02947281628198204,0.0,0.0,0.0,2.066145049305192,1.8503745176823834,2.287337214539567,-0.0006151690102029761,-0.0016886236112983253,0.0005375740407855664,-0.0013937005423813199,-0.002374504582328299,-0.0003400629553916979
interval_shift,100,Mean consensus,0.0,0.0,0.0,-0.08,-0.22,0.06,-11.529969987831178,-13.244251556788468,-9.801565989708214,0.021111962026046087,0.018427014949730727,0.023747173504511953,0.0,0.0,0.0,2.085736895098819,1.861876727231276,2.308285107502443,-0.0001653778517873139,-0.001264652917942212,0.000973105368513292,-0.0010246532234532734,-0.002020253130779014,2.1303438747858234e-05
interval_shift,100,Observable cost-aware,0.0,0.0,0.0,4.76,4.44,5.1,-79.22897363784045,-81.63809980467695,-76.75276330955442,0.07711903579426595,0.07384468166690324,0.08044347376963312,0.0,0.0,0.0,5.500417111887473,5.089169451103461,5.912692564308782,0.0028899089173093184,0.0018647116454640405,0.0039661105137809,0.005699610331746314,0.004699388276143836,0.006730848844976228
interval_shift,100,Random,1.0,1.0,1.0,106.68,106.04,107.32049999999998,4338.553428131392,4245.382979507081,4436.6563275678345,-0.021948297550375438,-0.029433825979143288,-0.014529943702498235,2432.26,2368.08,2492.4010000000003,252.68095209923268,250.8146391387204,254.4674119968122,0.9050446211538472,0.9040645679209421,0.9060591311634072,0.8850995000589057,0.8836688065231757,0.8865430611547237
