Scenario,Model,Agents,Success,Steps,Total Cost,Cost Gini,Boundary Violations,Total Reward,Final Consensus,Consensus AUC,Switch Recovery Steps,Mean Half Width
hidden_heterogeneity,Bounded confidence,10,0.78,41.9,22.961242179400024,0.5598072586925038,0.0,-6.463353093366205,0.8985300209896405,0.8809840753381556,,0.0512772536648919
hidden_heterogeneity,Bounded confidence,40,0.6,63.6,102.3798859766225,0.5672917677845617,0.0,-32.71261686022336,0.8979692178078321,0.8766112149270147,,0.05019531041559287
hidden_heterogeneity,Bounded confidence,100,0.32,95.5,258.86975255339706,0.5771497183082033,0.0,-69.21006769775659,0.8964526069499493,0.8731765571391638,,0.05008865334059818
hidden_heterogeneity,Interval Meta-GDM,10,0.98,17.4,28.048367618933195,0.5346789137073671,0.06,17.364981412264985,0.9069973694732532,0.8899118049607649,,0.0512772536648919
hidden_heterogeneity,Interval Meta-GDM,40,1.0,17.9,121.1375823942462,0.5365331708106769,0.0,17.182156153664216,0.9023629794143843,0.8812524917810645,,0.05019531041559287
hidden_heterogeneity,Interval Meta-GDM,100,1.0,20.32,303.6177745652629,0.5466004884883242,0.0,14.706005137621842,0.9018161840203527,0.8786250567919274,,0.05008865334059818
hidden_heterogeneity,Mean consensus,10,0.8,39.32,24.09895798680968,0.5511176240368677,0.0,-3.8554228239731714,0.8986873156992154,0.8818041212271455,,0.0512772536648919
hidden_heterogeneity,Mean consensus,40,0.64,63.18,106.71411475723657,0.5542335606190002,0.0,-31.82197826737698,0.8982833437719877,0.8770014226279009,,0.05019531041559287
hidden_heterogeneity,Mean consensus,100,0.36,93.16,271.00323122979955,0.5603914904562451,0.0,-66.69520598349357,0.896591688205462,0.8734613267594744,,0.05008865334059818
hidden_heterogeneity,Observable cost-aware,10,0.34,93.64,16.459452266773514,0.6213653751162066,0.0,-55.85951514010358,0.8711043867882221,0.8457415911810934,,0.0512772536648919
hidden_heterogeneity,Observable cost-aware,40,0.0,120.0,76.14640993700634,0.6193121497377319,0.0,-94.42107517602484,0.8539332179172925,0.8280661737317112,,0.05019531041559287
hidden_heterogeneity,Observable cost-aware,100,0.0,120.0,194.35479114640665,0.6318435464012204,0.0,-100.3316440595664,0.8443040954922841,0.8186244908886294,,0.05008865334059818
hidden_heterogeneity,Random,10,0.0,120.0,363.4910253968235,0.5106639011293074,204.28,-210.8960256194492,0.10081377765953325,0.15679056881939385,,0.0512772536648919
hidden_heterogeneity,Random,40,0.0,120.0,1504.9983734361924,0.5289728682658658,819.44,-224.96938830631422,0.008444775331206567,0.030763988792175442,,0.05019531041559287
hidden_heterogeneity,Random,100,0.0,120.0,3756.3484518967252,0.5362474140130493,2064.72,-227.58269427176324,0.0011516830439384674,0.007203449392902813,,0.05008865334059818
iid_control,Bounded confidence,10,1.0,13.76,24.85168850411138,0.5764123078269572,0.0,21.620537187300574,0.904027957367099,0.8859537210597245,,0.05037511549095784
iid_control,Bounded confidence,40,1.0,17.08,98.6149566799933,0.5586773520150426,0.0,17.66764223356814,0.9027213474819112,0.8829616195779343,,0.050318300986803705
iid_control,Bounded confidence,100,1.0,18.02,263.36811033958975,0.567409099936324,0.0,16.174383823915207,0.9019414235007049,0.8823420988860444,,0.050220035105071614
iid_control,Interval Meta-GDM,10,1.0,15.7,27.417630460908143,0.5571417734332104,0.0,21.28381582640295,0.9061598401896945,0.8879312509575543,,0.05037511549095784
iid_control,Interval Meta-GDM,40,1.0,17.54,109.74634015019073,0.52916532213911,0.0,20.410303073442332,0.9021363184602383,0.881674987840818,,0.050318300986803705
iid_control,Interval Meta-GDM,100,1.0,18.86,288.57769057753546,0.5325720716913618,0.0,19.654898054153048,0.9014816594175238,0.8807380459309755,,0.050220035105071614
iid_control,Mean consensus,10,1.0,13.62,25.82397432420674,0.5662185673676735,0.0,21.595869221510252,0.9039059993101414,0.8863015747627709,,0.05037511549095784
iid_control,Mean consensus,40,1.0,17.02,103.02379795202128,0.5424227881002485,0.0,17.532736860190266,0.902512849186205,0.8829036064199401,,0.050318300986803705
iid_control,Mean consensus,100,1.0,18.06,273.86396449374325,0.552403985006546,0.0,15.984278312908522,0.9021620030225718,0.8826217939062804,,0.050220035105071614
iid_control,Observable cost-aware,10,1.0,21.82,19.29603543834029,0.6044796283044538,0.0,15.29409744618483,0.902268596918807,0.8795139492599777,,0.05037511549095784
iid_control,Observable cost-aware,40,1.0,24.8,77.18575967776452,0.6007629531990731,0.0,10.916381645975846,0.9010118358232861,0.8774824013019754,,0.050318300986803705
iid_control,Observable cost-aware,100,1.0,26.18,207.7267084627909,0.6081506690704335,0.0,9.03928576806342,0.9009037084345608,0.877284127802367,,0.050220035105071614
iid_control,Random,10,0.0,120.0,413.1889740595657,0.528788536553799,212.98,-216.3444252620858,0.06581333111436306,0.14851415007275123,,0.05037511549095784
iid_control,Random,40,0.0,120.0,1806.9275231549711,0.5147951072689901,870.02,-229.25461188641466,0.003929483502366765,0.03138618799942801,,0.050318300986803705
iid_control,Random,100,0.0,120.0,4628.219112138388,0.5234599738579657,2077.18,-231.4406485651969,0.0006392821343299038,0.006552823352108997,,0.050220035105071614
interval_shift,Bounded confidence,10,1.0,8.24,19.832221538356777,0.5791484910337479,0.0,23.602946246721103,0.9090575578423825,0.8988437194676767,,0.09999782136196914
interval_shift,Bounded confidence,40,1.0,12.04,86.48600152041557,0.5678018833423034,0.0,20.569814366323502,0.9066227629230659,0.8934091336644512,,0.09974367471942157
interval_shift,Bounded confidence,100,1.0,13.3,225.77647323485235,0.566004516687453,0.0,19.105302446587114,0.9056597901640504,0.8916563604118245,,0.10005364769956905
interval_shift,Interval Meta-GDM,10,1.0,7.66,21.535409156335255,0.5586194654534352,0.0,24.401560220946354,0.9140128944115604,0.9034659847112549,,0.09999782136196914
interval_shift,Interval Meta-GDM,40,1.0,11.84,93.45664485538238,0.542443841010622,0.0,22.261526808094665,0.9073251145446303,0.8934529855124711,,0.09974367471942157
interval_shift,Interval Meta-GDM,100,1.0,13.32,241.08311582302446,0.5391249614037533,0.0,21.17144749589231,0.9050446211538472,0.8902626598694432,,0.10005364769956905
interval_shift,Mean consensus,10,1.0,8.22,20.159537898392976,0.5741050916105782,0.0,23.592335314728565,0.9090976382681872,0.899025578546912,,0.09999782136196914
interval_shift,Mean consensus,40,1.0,12.04,88.20643718501925,0.5610505440759812,0.0,20.51155628551448,0.9067708817304944,0.8936037447559767,,0.09974367471942157
interval_shift,Mean consensus,100,1.0,13.24,229.55314583519328,0.5602369234297995,0.0,19.085710600793487,0.9052099990056347,0.8912873130928964,,0.10005364769956905
interval_shift,Observable cost-aware,10,1.0,12.74,13.813424696009758,0.627180864347213,0.0,20.384224105841717,0.9054741290899654,0.8916420776094308,,0.09999782136196914
interval_shift,Observable cost-aware,40,1.0,16.88,62.04220066968731,0.6189143373631247,0.0,16.872788502601228,0.9026116689090139,0.8858770859198838,,0.09974367471942157
interval_shift,Observable cost-aware,100,1.0,18.08,161.854142185184,0.6162439971980193,0.0,15.671030384004832,0.9021547122365381,0.8845630495376969,,0.10005364769956905
interval_shift,Random,10,0.0,120.0,436.7296618911816,0.5277669782268471,242.0,-216.7774994974985,0.0991212603435787,0.15176523064036795,,0.09999782136196914
interval_shift,Random,40,0.0,120.0,1794.6688450113613,0.5166801369232505,955.42,-228.08605484761972,0.0074498534289349425,0.02415272945866695,,0.09974367471942157
interval_shift,Random,100,0.0,120.0,4579.636543954417,0.5171766638533779,2432.26,-231.5095046033404,0.0,0.005163159810537527,,0.10005364769956905
mid_episode_switch,Bounded confidence,10,0.96,33.46,14.200016969900407,0.5478035089680519,0.0,6.989076409411653,0.9022154093430399,0.8637114530111046,21.854166666666668,0.04865696284982696
mid_episode_switch,Bounded confidence,40,1.0,39.84,59.391519504457335,0.5844391740514782,0.0,-3.646631425607454,0.9009974095901083,0.8601949424372761,31.84,0.049680162935179434
mid_episode_switch,Bounded confidence,100,1.0,42.16,145.32976977843023,0.5866377630911446,0.0,-7.628000627452003,0.9007663343325859,0.8595957689340793,34.16,0.04959177065338137
mid_episode_switch,Interval Meta-GDM,10,0.96,33.06,15.374592613083784,0.5189304642320935,0.0,8.128063818905636,0.902741360855197,0.8629034238813411,21.4375,0.04865696284982696
mid_episode_switch,Interval Meta-GDM,40,1.0,42.72,63.890670635997076,0.5580057527569798,0.0,1.3861380955420126,0.9009140965311612,0.8586298573847192,34.72,0.049680162935179434
mid_episode_switch,Interval Meta-GDM,100,1.0,43.46,153.4653350164762,0.5578284891966403,0.0,-1.3240848416103654,0.9006864305801785,0.8570053460099634,35.46,0.04959177065338137
mid_episode_switch,Mean consensus,10,0.96,33.2,14.786786127270691,0.5345792369705353,0.0,7.094769205693845,0.9018698754165904,0.8640534048960942,21.583333333333332,0.04865696284982696
mid_episode_switch,Mean consensus,40,1.0,39.7,61.45252773449014,0.5743696965684841,0.0,-3.689226913017991,0.9010182060293552,0.8604747829361244,31.7,0.049680162935179434
mid_episode_switch,Mean consensus,100,1.0,42.12,150.61080380247617,0.5758415024376451,0.0,-7.7410709077898705,0.9007967331847755,0.8598107887050774,34.12,0.04959177065338137
mid_episode_switch,Observable cost-aware,10,0.94,59.82,11.017090498281288,0.5774811309486829,0.0,-16.674993494927925,0.9006888746045955,0.8477515408972738,47.97872340425532,0.04865696284982696
mid_episode_switch,Observable cost-aware,40,0.96,74.26,46.483959632699545,0.6217573988730577,0.0,-36.09882778419431,0.8999745188889107,0.8443171519358765,64.35416666666667,0.049680162935179434
mid_episode_switch,Observable cost-aware,100,0.98,75.2,114.21454766503886,0.6263222199477441,0.0,-39.24663905574794,0.9001788634392299,0.8448384454788378,66.28571428571429,0.04959177065338137
mid_episode_switch,Random,10,0.0,120.0,116.34015881487167,0.5580882029857284,130.46,-171.9717595124659,0.1582622619433495,0.20917321079388324,,0.04865696284982696
mid_episode_switch,Random,40,0.0,120.0,468.9112376823373,0.5760361767952951,525.6,-184.15705179651496,0.03830406699927669,0.08808777959677819,,0.049680162935179434
mid_episode_switch,Random,100,0.0,120.0,1144.9525976721175,0.5787563580269045,1330.38,-187.0443442839416,0.007989518801693416,0.03147283046883551,,0.04959177065338137
noisy_partial_feedback,Bounded confidence,10,0.92,27.18,37.66239984520786,0.5402192970292392,0.0,9.482561074001968,0.9032717877092935,0.8850515208898715,,0.05041007665259767
noisy_partial_feedback,Bounded confidence,40,0.92,34.54,180.60422277538225,0.5061717711877186,0.0,2.447494432221027,0.9015259968355509,0.8802424085857794,,0.050430778651483085
noisy_partial_feedback,Bounded confidence,100,0.92,38.46,468.3994355578084,0.5034043855764601,0.0,-2.061803309467402,0.9006468065616331,0.8793734875206779,,0.0503312520743411
noisy_partial_feedback,Interval Meta-GDM,10,0.88,33.72,82.51512356806384,0.5305814640574166,0.46,-0.6951537105290501,0.9025476736486634,0.8823918389335189,,0.05041007665259767
noisy_partial_feedback,Interval Meta-GDM,40,0.52,90.96,821.197547300089,0.5142876625976617,4.68,-65.06969633599037,0.8924832114804379,0.8663633749259317,,0.050430778651483085
noisy_partial_feedback,Interval Meta-GDM,100,0.08,117.36,2523.9308417400707,0.5289179098765291,8.2,-98.53789909259368,0.8868201494584231,0.862072234581412,,0.0503312520743411
noisy_partial_feedback,Mean consensus,10,0.92,27.04,38.88539537113276,0.5342083934739139,0.0,9.486029709804255,0.9032071381776151,0.8854037158640107,,0.05041007665259767
noisy_partial_feedback,Mean consensus,40,0.92,34.66,185.4320900020405,0.5003378143449289,0.0,2.2499109447747214,0.9016437984352181,0.8804768714151935,,0.050430778651483085
noisy_partial_feedback,Mean consensus,100,0.92,38.4,479.14693998241484,0.499567675622276,0.0,-2.114737682080407,0.9006313716418607,0.8794605706753613,,0.0503312520743411
noisy_partial_feedback,Observable cost-aware,10,0.94,32.44,25.083570060613678,0.552893876608281,0.0,7.015347362552097,0.9020871533645963,0.8783692472550328,,0.05041007665259767
noisy_partial_feedback,Observable cost-aware,40,0.9,48.52,124.45552096779798,0.5166422240061201,0.0,-7.205259872940249,0.8999643205358129,0.8731221907090013,,0.050430778651483085
noisy_partial_feedback,Observable cost-aware,100,0.88,57.98,322.6786946829659,0.5062672064587137,0.0,-16.214199520036832,0.8999089806830574,0.8729443908807244,,0.0503312520743411
noisy_partial_feedback,Random,10,0.0,120.0,457.6976904360982,0.5336409194728755,210.22,-218.05258563129354,0.1164199807227147,0.14407213708422026,,0.05041007665259767
noisy_partial_feedback,Random,40,0.0,120.0,1930.1887302574378,0.5067188233567759,867.06,-232.02384949121085,0.011097556210816541,0.026422947954888292,,0.050430778651483085
noisy_partial_feedback,Random,100,0.0,120.0,4777.837786465397,0.5144914668373407,2074.86,-232.253276906506,0.0002071317783223006,0.006687153923761945,,0.0503312520743411
