consensus_decay,agents,success,steps,total_cost,cost_gini,boundary_violations,total_reward,initial_consensus,final_consensus,initial_preference_std,final_preference_std
3.0,10,1.0,7.84,23.874790374290352,0.5488429308214441,0.0,18.070974675300057,0.572356193739317,0.9112360884572901,0.187088211731065,0.026447278541276646
3.0,40,1.0,11.0,96.95741743749458,0.5558061146214562,0.0,15.53811337341484,0.5519828656788496,0.9062041617928691,0.19760152042404477,0.028075882710567115
3.0,100,1.0,12.02,251.85249187088218,0.548781410378248,0.0,14.70089578435443,0.5456945740036883,0.9049420844327077,0.2012617962882322,0.02841305710854038
5.0,10,0.98,14.5,26.73854745288101,0.5416738956168669,5.24,21.73813270131084,0.39695234749639097,0.9084182672505589,0.187088211731065,0.010175805539183515
5.0,40,1.0,17.42,109.65075243878532,0.5397556012107814,0.0,20.49462016964641,0.371745168099578,0.9028952866867843,0.19760152042404477,0.011221150537739913
5.0,100,1.0,19.08,284.63599792642844,0.5342151586840447,0.0,19.492455044479378,0.36453849992003595,0.9015983180977009,0.2012617962882322,0.011293850367223253
7.0,10,0.36,86.08,41.12828476438972,0.48745318460289644,0.58,-23.744065821402597,0.27665163020996275,0.8913484645547034,0.187088211731065,0.0028875612522669208
7.0,40,0.06,115.12,149.77192893750495,0.49047159696287246,0.0,-43.2666337433881,0.2505298517110715,0.8879563302189853,0.19760152042404477,0.0007302253726439927
7.0,100,0.0,120.0,376.40073682319127,0.47848150409402285,0.0,-46.9100879586411,0.24359354958571608,0.8857089088634328,0.2012617962882322,0.0006244333877440299
