模型,决策者数量,共识达成率,平均收敛步数,总调整成本,成本基尼系数,边界违规次数,平均回合奖励
均值池化,10,0.96,19.16,29.611681030537696,0.5203368476246236,0.0,16.554414689275383
均值池化,40,1.0,21.58,116.27976189622773,0.5175594095309753,0.0,15.139810494057702
均值池化,100,1.0,23.0,304.12404127878,0.5106322022774882,0.0,13.864395789764783
社会注意力,10,0.96,15.12,27.14846920134789,0.5423662412099516,4.02,20.755288179556626
社会注意力,40,1.0,16.72,110.46893890687524,0.5398618543643283,0.0,20.585235102590364
社会注意力,100,1.0,19.02,288.2542394228502,0.5327690789930751,0.0,18.858583795500405
标准多头注意力,10,0.96,17.54,24.98131107518236,0.5396490458141749,0.0,18.50900275874626
标准多头注意力,40,1.0,19.84,102.0503748698343,0.5430499229251246,0.0,17.89445829467961
标准多头注意力,100,1.0,22.68,264.7135183284665,0.5397700402496254,0.0,15.76920935443099
