共识增益权重,决策者数量,共识达成率,平均收敛步数,总调整成本,成本基尼系数,边界违规次数,平均回合奖励
30,10,0.98,14.32,22.36730590295349,0.5400602637588252,0.0,12.128825900248314
30,40,1.0,18.74,94.31422856982556,0.5318309798422838,0.0,10.045520493314765
30,100,1.0,22.12,245.9231480672345,0.5211107236521749,0.0,8.391037688807383
40,10,0.96,15.44,25.711822361074923,0.5333094373518642,0.22,15.383971986627534
40,40,1.0,18.14,101.8636103264395,0.5003654899514801,0.22,12.94776384884206
40,100,1.0,21.12,259.7129922736248,0.4858778446984532,0.62,10.131893258579456
50,10,0.98,14.5,26.73854745288101,0.5416738956168669,5.24,21.73813270131084
50,40,1.0,17.42,109.65075243878532,0.5397556012107814,0.0,20.49462016964641
50,100,1.0,19.08,284.63599792642844,0.5342151586840447,0.0,19.492455044479374
60,10,0.96,19.72,28.330961712072952,0.5226502146864175,5.24,22.78380701615541
60,40,1.0,25.4,122.44427506678136,0.5075088782666313,0.0,21.647108535929256
60,100,1.0,29.76,315.18132259366604,0.4982030456498866,0.0,19.653082322360195
70,10,0.96,16.78,55.18083913672762,0.5493017096279507,1.38,26.47792403776687
70,40,1.0,28.34,216.26327661321176,0.5574642437996612,0.44,18.72742534015359
70,100,1.0,33.94,647.6139088526251,0.5433661251091689,0.18,14.179817783325946
