共识衰减系数,决策者数量,共识达成率,平均收敛步数,成本基尼系数,边界违规次数,初始共识水平,最终共识水平,初始偏好标准差,最终偏好标准差
3.0,10,1.0,7.84,0.5488429308214441,0.0,0.572356193739317,0.91123608845729,0.187088211731065,0.0264472785412766
3.0,40,1.0,11.0,0.5558061146214562,0.0,0.5519828656788496,0.9062041617928692,0.1976015204240447,0.0280758827105671
3.0,100,1.0,12.02,0.548781410378248,0.0,0.5456945740036883,0.9049420844327076,0.2012617962882322,0.0284130571085403
5.0,10,0.98,14.5,0.5416738956168669,5.24,0.3969523474963909,0.9084182672505589,0.187088211731065,0.0101758055391835
5.0,40,1.0,17.42,0.5397556012107814,0.0,0.371745168099578,0.9028952866867844,0.1976015204240447,0.0112211505377399
5.0,100,1.0,19.08,0.5342151586840447,0.0,0.3645384999200359,0.9015983180977007,0.2012617962882322,0.0112938503672232
7.0,10,0.36,86.08,0.4874531846028964,0.58,0.2766516302099627,0.8913484645547034,0.187088211731065,0.0028875612522669
7.0,40,0.06,115.12,0.4904715969628724,0.0,0.2505298517110715,0.8879563302189853,0.1976015204240447,0.0007302253726439
7.0,100,0.0,120.0,0.4784815040940228,0.0,0.243593549585716,0.8857089088634328,0.2012617962882322,0.000624433387744
