潜变量维度,决策者数量,共识达成率,平均收敛步数,总调整成本,成本基尼系数,边界违规次数,平均回合奖励,最终共识水平
4,10,0.96,15.02,24.59930452017532,0.5496758060101105,0.44,21.213814539621936,0.9056625467403482
4,40,1.0,17.52,91.04856837130188,0.5621602263274643,0.0,19.6802406339416,0.9030057616374824
4,100,1.0,19.94,231.9971659854462,0.5608127781813392,0.0,18.317956166828147,0.901991305739278
8,10,0.96,15.12,27.14846920134789,0.5423662412099516,4.02,20.755288179556626,0.9080834129025324
8,40,1.0,16.72,110.46893890687524,0.5398618543643283,0.0,20.585235102590364,0.9030482399408244
8,100,1.0,19.02,288.2542394228502,0.5327690789930751,0.0,18.858583795500405,0.9016595730351324
16,10,0.96,14.96,26.155874073351477,0.5388259857712672,0.0,19.9747234077244,0.9058900827371136
16,40,1.0,16.64,107.68861380059865,0.5440946990790748,0.0,19.096212036544685,0.9031043059191872
16,100,1.0,19.28,276.48043780651483,0.5427166188686775,0.0,16.654248268113726,0.9023744548682702
32,10,0.96,24.52,25.60442159465105,0.5334051464229492,0.0,13.746512428647838,0.9030572036963556
32,40,1.0,25.94,105.5306410689665,0.5273158296898018,0.0,13.57709680925881,0.901585778266814
32,100,1.0,28.8,267.4872295285337,0.5234187489413243,0.0,11.090467018991644,0.9013722634602956
64,10,0.96,25.84,19.665087700401017,0.5826344193522307,0.0,12.467119015021336,0.9016221079574476
64,40,1.0,28.94,58.02473444688801,0.5931662614752136,0.0,10.82029856118099,0.901258833260672
64,100,1.0,31.14,151.66031054326203,0.5855625918286443,0.0,8.986650919577587,0.9011368435220384
