系统成本系数,决策者数量,共识达成率,平均收敛步数,成本基尼系数,边界违规次数,高度归一成本
25,10,0.96,22.2,0.5268450965186946,0.0,0.3797811464359473
25,40,1.0,30.3,0.501716613831191,0.0,1.7612274257625335
25,100,1.0,36.86,0.4863262536396058,0.0,4.702916695380776
50,10,0.96,14.72,0.543112140641427,0.0,0.3438734420653401
50,40,1.0,16.24,0.5461453690835529,0.0,1.3980513860968475
50,100,1.0,18.66,0.5419852755565049,0.0,3.632123209277665
75,10,0.96,15.12,0.5423662412099516,4.02,0.3619795893513052
75,40,1.0,16.72,0.5398618543643283,0.0,1.4729191854250032
75,100,1.0,19.02,0.5327690789930751,0.0,3.8433898589713364
100,10,0.96,15.88,0.5487586656427036,0.0,0.2871679390960366
100,40,1.0,17.12,0.546067564131239,0.0,1.1722849137960476
100,100,1.0,19.36,0.5382938071101682,0.0,3.0632692428346213
125,10,0.96,16.1,0.5186417658259733,0.0,0.3261687624912296
125,40,1.0,18.08,0.5017230310338334,0.0,1.3607826045771028
125,100,1.0,21.06,0.490675061891683,0.0,3.4650669354878207
