Model,Agents,Case,Episode,Success,Steps,Total Cost,Cost Gini,Boundary Violations,Total Reward,Final Consensus,Final Interval Dispersion,Mean Half Width
Meta-GDM/social_attention,10,,0,1,5,14.589599589120706,0.5189919638697844,0,22.88035184764978,0.9096645365219076,0.0189358777241646,0.0514947767647606
Meta-GDM/social_attention,10,,1,1,11,43.89310856864026,0.4473625934582068,0,26.01225039705037,0.9001586376451609,0.0210368534280659,0.0470137972151272
Meta-GDM/social_attention,10,,2,1,10,31.67909950760022,0.4362592489048211,0,26.215884834945378,0.9113375113299984,0.0185683931777865,0.0504916238271101
Meta-GDM/social_attention,10,,3,1,9,39.32138905908265,0.5844458668111026,0,27.458758609964125,0.9098745091727494,0.018889718197713,0.0510718484014883
Meta-GDM/social_attention,10,,4,1,5,9.656427687265657,0.5657236871739033,0,23.1688794647114,0.9033725716077784,0.0203240435031371,0.0566109539915455
Meta-GDM/social_attention,10,,5,1,6,27.81648118174587,0.5320013638861487,0,25.08313166971338,0.9165771464426036,0.017421808036955,0.0485148065919579
Meta-GDM/social_attention,10,,6,1,9,26.729698236277763,0.6537017088531882,0,28.52187419249196,0.9030538018397816,0.0203946292244244,0.0448421321330638
Meta-GDM/social_attention,10,,7,1,5,24.564425648632916,0.6410570558029864,0,25.297275667341687,0.9123704040302224,0.0183418453184574,0.0530681230954682
Meta-GDM/social_attention,10,,8,1,6,16.785991695844736,0.5758957654910422,0,26.39067341758457,0.9153623330966046,0.017687059927126,0.0490223592210482
Meta-GDM/social_attention,10,,9,1,14,53.08952634375872,0.4981934881091772,0,22.857560348725475,0.908725867353502,0.019142361271324,0.0560255433218859
Meta-GDM/social_attention,10,,10,1,10,38.40163388481081,0.41726117364978,0,24.956575877191703,0.916441413487405,0.0174514275854775,0.0544255754342466
Meta-GDM/social_attention,10,,11,1,9,34.821896527589395,0.3826093864020643,0,26.666022148620268,0.9012394342603371,0.020796862775979,0.0567061312951648
Meta-GDM/social_attention,10,,12,1,14,19.1755482583122,0.5805284459416971,0,25.029880471517394,0.917492771772644,0.0172221154522799,0.0560185150881695
Meta-GDM/social_attention,10,,13,1,5,30.318771839550557,0.6192789446733078,0,26.625167074531703,0.9148350436285204,0.0178023020292902,0.0392729848949411
Meta-GDM/social_attention,10,,14,1,8,13.894722800226846,0.5605674228528725,0,23.702917765222004,0.9149966941551408,0.0177669653316687,0.0562338636607838
Meta-GDM/social_attention,10,,15,1,11,40.69309304333787,0.6350299741563783,0,25.213873353521763,0.9069328835537888,0.0195373659783801,0.052786743947462
Meta-GDM/social_attention,10,,16,1,6,33.35597224070379,0.6495488176022968,0,29.221552793892144,0.9201810481992492,0.0166369673558078,0.0499841898562143
Meta-GDM/social_attention,10,,17,1,5,24.7240265768937,0.4808021917511009,0,26.29179120133032,0.9163970052337722,0.0174611192753042,0.0503714312462606
Meta-GDM/social_attention,10,,18,1,16,24.473654723250657,0.3328004492072833,0,22.800180161868965,0.9090906760387718,0.0190620872323417,0.0544380800876651
Meta-GDM/social_attention,10,,19,1,11,10.441418877222258,0.6535366639314577,0,23.17667225625502,0.9090258248727308,0.0190763550014392,0.0592918088239665
Meta-GDM/social_attention,10,,20,1,10,21.0589688832679,0.5548874436230427,0,25.26805547115918,0.9206493221228425,0.0165352145943924,0.0386274644160248
Meta-GDM/social_attention,10,,21,1,15,28.445223590755788,0.5660553793967158,0,22.50568309003944,0.901671287591542,0.020701050302465,0.051597857480327
Meta-GDM/social_attention,10,,22,1,14,25.2743247654863,0.4952071907231692,0,23.81836680409528,0.9067008270561374,0.0195885464339617,0.0428092121040076
Meta-GDM/social_attention,10,,23,1,64,21.03595161990564,0.5353899631755719,0,-13.057757349770002,0.9000362171190052,0.0210640550448288,0.0535619554530181
Meta-GDM/social_attention,10,,24,1,12,35.85089132732937,0.5698517168219919,0,25.972137806319232,0.9032712608854324,0.0203464742048902,0.0511093425687637
Meta-GDM/social_attention,10,,25,1,10,28.02350366317613,0.6625491380839557,0,23.56091255483176,0.901190710285963,0.0208076757274898,0.0494613902561141
Meta-GDM/social_attention,10,,26,1,9,27.4625550045882,0.6985321810264087,0,22.3385041696738,0.9058796150810264,0.0197697713908704,0.0499093634543332
Meta-GDM/social_attention,10,,27,1,8,7.618470226736051,0.4885843499264704,0,21.17161282570845,0.910076986545434,0.0188452164900584,0.0436248614067565
Meta-GDM/social_attention,10,,28,1,10,21.94908531670175,0.5061120237390369,0,22.2186373475496,0.902585063533248,0.0204984679988443,0.0520780523046322
Meta-GDM/social_attention,10,,29,1,5,22.216818984044416,0.4205947934611076,0,29.948443425875773,0.9092210210419704,0.0190334133798595,0.0515032643529634
Meta-GDM/social_attention,10,,30,1,15,17.770722594265408,0.5252397325797298,0,23.48084356662732,0.9036146511699852,0.020270456059772,0.0562177323582075
Meta-GDM/social_attention,10,,31,1,8,17.80823918203287,0.495591091690015,0,25.44926531433216,0.9055613325743648,0.0198400541147647,0.0548369625271045
Meta-GDM/social_attention,10,,32,1,11,29.61074517532861,0.6207220638441007,0,27.357888017672884,0.9132796069145828,0.0181426389088879,0.0516296439339815
Meta-GDM/social_attention,10,,33,0,120,47.21350026035236,0.6477836383561579,14,-70.96645160732503,0.8986987503333569,0.0213614789691614,0.0486038138492007
Meta-GDM/social_attention,10,,34,1,8,46.813524034583686,0.4052523496432307,0,28.263152788874567,0.9067482163935824,0.0195780935706454,0.0497304425153778
Meta-GDM/social_attention,10,,35,1,8,36.83020665472989,0.4917216535952413,0,29.758602421714635,0.901390905456092,0.0207632516261445,0.0521923213503033
Meta-GDM/social_attention,10,,36,0,120,52.630937547916055,0.4636599428184507,187,-63.8077633366806,0.8940061452379574,0.0224085259928573,0.0509985130901361
Meta-GDM/social_attention,10,,37,1,10,17.04563670887124,0.5642139155221695,0,25.277931448431467,0.9078408624005656,0.0193372354828702,0.0521648458032233
Meta-GDM/social_attention,10,,38,1,9,21.043367829259186,0.6029198880395679,0,25.619970041945265,0.929152553945506,0.0146964681152095,0.0655308766506919
Meta-GDM/social_attention,10,,39,1,10,22.16706174626339,0.6653085910429521,0,21.826560839545465,0.9070225909371312,0.0195175843719014,0.0532978277089925
Meta-GDM/social_attention,10,,40,1,12,28.404748349629592,0.619929654615363,0,25.046825733010127,0.903869368808851,0.0202140865123267,0.0401344610520973
Meta-GDM/social_attention,10,,41,1,15,27.35379937733823,0.4721486690867686,0,22.054273685188853,0.9074341113376508,0.0194268640131165,0.0507099699369837
Meta-GDM/social_attention,10,,42,1,10,19.605999568952317,0.4298087729533095,0,26.371391478932757,0.9088055992038292,0.0191248139876933,0.0550464056586284
Meta-GDM/social_attention,10,,43,1,8,23.260313863273133,0.524859346120002,0,28.42935063305057,0.9103978530741051,0.0187747147670989,0.0417250874110353
Meta-GDM/social_attention,10,,44,1,6,14.86492735983824,0.6639805662089262,0,23.686738218675103,0.9039465566171304,0.0201970078247809,0.0592249995118537
Meta-GDM/social_attention,10,,45,1,11,17.856081958844204,0.4803939858134649,0,26.405873295511327,0.9164133834435206,0.0174575448281382,0.0568588874032446
Meta-GDM/social_attention,10,,46,1,7,20.44586004278073,0.5048351316254078,0,28.343167444783248,0.9004396860387186,0.0209744189823279,0.0493535247130025
Meta-GDM/social_attention,10,,47,1,12,56.6633433788988,0.5529323049450667,0,24.74692137098984,0.902979826669957,0.0204110132316097,0.0469795009592129
Meta-GDM/social_attention,10,,48,1,10,21.11644483816881,0.618948791432965,0,22.794549496565445,0.902722839524695,0.0204679411304954,0.0464651644638238
Meta-GDM/social_attention,10,,49,1,14,21.555719924208557,0.504701578058619,0,26.309448426373777,0.9014333795397684,0.0207538277274234,0.0494517013955413
Meta-GDM/social_attention,40,,0,1,24,130.3664201868716,0.5317403122381694,0,16.98207052912608,0.9046174948744242,0.020048616444886,0.0438899897593966
Meta-GDM/social_attention,40,,1,1,17,95.36955763195166,0.514962888323327,0,20.92385251670394,0.903447901331287,0.0203073667552962,0.0525125827477572
Meta-GDM/social_attention,40,,2,1,12,108.89561406293925,0.5554994003045182,0,25.09712858523634,0.9067836458275476,0.0195702791098779,0.049169714398787
Meta-GDM/social_attention,40,,3,1,10,94.49193533701984,0.5394228072991014,0,23.423551632959903,0.9013593164656056,0.0207702606926487,0.0497172632615435
Meta-GDM/social_attention,40,,4,1,17,117.98366920565525,0.5350126661113681,0,20.63575120373756,0.9001575521573842,0.0210370946052065,0.0569827045161239
Meta-GDM/social_attention,40,,5,1,11,134.39751260758095,0.5085561462747261,0,25.21634677696104,0.907197448626303,0.0194790316746762,0.0519388369473987
Meta-GDM/social_attention,40,,6,1,12,112.92207976633723,0.3650295993505073,0,25.609291376461737,0.906599935058972,0.0196108024213583,0.0548029352289014
Meta-GDM/social_attention,40,,7,1,14,113.39706575853116,0.5930375442942233,0,22.49480577091421,0.9041057249310356,0.0201617946142027,0.0484081865718136
Meta-GDM/social_attention,40,,8,1,8,97.37056805064664,0.5359293081168781,0,26.343097480779324,0.9038309879210368,0.0202225792667098,0.0535630211578709
Meta-GDM/social_attention,40,,9,1,20,86.28522269804465,0.5818965949881689,0,15.97600205460448,0.9008821149605484,0.0208761735870896,0.0528209413286863
Meta-GDM/social_attention,40,,10,1,17,98.57125161417522,0.5561958367607747,0,19.1156569714663,0.9001467216368022,0.0210395009807819,0.0495492963492976
Meta-GDM/social_attention,40,,11,1,35,89.21771788717999,0.5818526128299994,0,6.633644845911537,0.9002238039989316,0.0210223750922875,0.0494485141838666
Meta-GDM/social_attention,40,,12,1,19,125.47858675895336,0.5341208432333755,0,19.622012127185464,0.9056212677777,0.0198268174144242,0.047842009363625
Meta-GDM/social_attention,40,,13,1,16,121.20867762438296,0.5540659926666947,0,22.177694083088745,0.9019553704838088,0.0206380477085869,0.0539533937567157
Meta-GDM/social_attention,40,,14,1,17,143.3631084628527,0.5536747641784798,0,21.286931715545297,0.9030026237456292,0.0204059639963486,0.0478754017066275
Meta-GDM/social_attention,40,,15,1,8,115.66076115921082,0.64209394142863,0,25.384204500325332,0.907397899832653,0.0194348452487966,0.0500812374273742
Meta-GDM/social_attention,40,,16,1,28,102.49260887360808,0.490393655238093,0,13.151851661195035,0.9013943776933752,0.0207624812099855,0.0511301938390059
Meta-GDM/social_attention,40,,17,1,16,115.67158049523236,0.5678044431846838,0,19.75190943040604,0.9035285942751082,0.0202895042221484,0.0461153415839269
Meta-GDM/social_attention,40,,18,1,20,85.5131020849801,0.6071635006139366,0,16.622349755044176,0.900882404179978,0.0208761093790477,0.047572375119174
Meta-GDM/social_attention,40,,19,1,14,98.42771696835412,0.5780849071642011,0,23.762304277128614,0.9067968637798997,0.0195673637824839,0.0553004635080928
Meta-GDM/social_attention,40,,20,1,13,120.38314021336348,0.4594439656491376,0,24.510993306520035,0.9039348668372356,0.0201995942288987,0.0498136571642387
Meta-GDM/social_attention,40,,21,1,19,120.32881167337813,0.4112381748193894,0,21.529469346339148,0.9001796452670239,0.021032185944835,0.0497672141793789
Meta-GDM/social_attention,40,,22,1,17,95.63640393497931,0.568004548279172,0,18.94975968301909,0.9007506742525272,0.0209053561617055,0.0506458548488631
Meta-GDM/social_attention,40,,23,1,23,123.99403288483082,0.554854209976035,0,17.00319868110532,0.9016740518568098,0.0207004371608315,0.0537444391407298
Meta-GDM/social_attention,40,,24,1,21,107.14489802797488,0.5230185696147542,0,18.167474794258624,0.901993823415584,0.0206295213195043,0.0509380987556883
Meta-GDM/social_attention,40,,25,1,12,109.70411990406006,0.5089460169230213,0,24.668450808523943,0.9059936125760966,0.0197446046201537,0.0475147821738983
Meta-GDM/social_attention,40,,26,1,23,97.44023321441954,0.5368059101512948,0,15.783641831041471,0.902789105462421,0.020453260321999,0.0509045828746055
Meta-GDM/social_attention,40,,27,1,12,108.44227402953956,0.5664048049746429,0,23.392391962679906,0.9060265303849012,0.0197373380764707,0.048382229225286
Meta-GDM/social_attention,40,,28,1,16,111.21187746342125,0.5087801321439773,0,20.85018887784147,0.9005830800987457,0.0209425717313045,0.0538891680566078
Meta-GDM/social_attention,40,,29,1,13,144.3738069579925,0.4967071929847346,0,23.99935400979332,0.9045972000263656,0.0200531034409549,0.0473874063490133
Meta-GDM/social_attention,40,,30,1,14,97.40549199197456,0.487896756872719,0,22.45503104585457,0.9009537147285775,0.0208602787387605,0.050193699290879
Meta-GDM/social_attention,40,,31,1,24,78.51369436733248,0.5564716835455035,0,14.615631131595295,0.9002475409046959,0.0210171016052459,0.0484831551252746
Meta-GDM/social_attention,40,,32,1,21,114.24278504511312,0.4718388959695987,0,19.260917889728347,0.9025018213155568,0.0205169141397916,0.0532107231168115
Meta-GDM/social_attention,40,,33,1,11,127.43908251199916,0.5390616878475103,0,25.988879445304587,0.9013271158780892,0.0207774057150867,0.0531041188864762
Meta-GDM/social_attention,40,,34,1,14,113.32374347306867,0.5948583972718917,0,22.98038686189965,0.9023614662547302,0.0205480201104379,0.0458519203466845
Meta-GDM/social_attention,40,,35,1,27,79.32229050397221,0.5886951912572254,0,10.643005713054109,0.9015725148134388,0.0207229603244088,0.0474308848347473
Meta-GDM/social_attention,40,,36,1,13,117.62228872372222,0.5998571658481922,0,20.62053955593169,0.9028323409746009,0.0204436823426782,0.0598385335133019
Meta-GDM/social_attention,40,,37,1,14,122.1663026941002,0.5063430031919798,0,23.20756169858204,0.9013035757701794,0.0207826292160557,0.0505551006642945
Meta-GDM/social_attention,40,,38,1,11,94.23055015774943,0.5802018035079044,0,24.483448823123503,0.908761985578275,0.0191344122278749,0.0548083515411306
Meta-GDM/social_attention,40,,39,1,17,117.42606268073948,0.5050271449437529,0,19.398416373789267,0.902399326575842,0.0205396288995322,0.0511148536862293
Meta-GDM/social_attention,40,,40,1,12,109.12268362099756,0.5202810156279265,0,24.068753990481703,0.9004840790889025,0.0209645589202748,0.0453485120527733
Meta-GDM/social_attention,40,,41,1,16,144.53838796614838,0.5374984339853937,0,22.49147710012773,0.902134374280038,0.0205983592624138,0.0487262374026925
Meta-GDM/social_attention,40,,42,1,22,87.96905582899639,0.4834023412005332,0,14.85746623510917,0.9006369895694141,0.0209305999635917,0.0566579783593882
Meta-GDM/social_attention,40,,43,1,15,121.72809820504932,0.5782222957035035,0,23.92563185781227,0.902838112610778,0.020442403784641,0.0512246175928495
Meta-GDM/social_attention,40,,44,1,16,141.79246356745378,0.4958856580789197,0,23.56544936440135,0.9059153786103706,0.0197618756787235,0.0524744284464942
Meta-GDM/social_attention,40,,45,1,23,103.3503517897,0.6288673998474168,0,14.22602474754808,0.9008748820345236,0.0208777793365967,0.0509006591905403
Meta-GDM/social_attention,40,,46,1,15,135.1175892744086,0.4511024498927536,0,22.22516269674696,0.905248517752765,0.0199091535455315,0.0492876397673421
Meta-GDM/social_attention,40,,47,1,9,114.011482322099,0.6324329907749657,0,25.020312584409027,0.9087723428519512,0.0191321328159234,0.0504367331175615
Meta-GDM/social_attention,40,,48,1,20,75.50853490128435,0.6125285717379587,0,15.651959120002196,0.9018263206213228,0.0206666653319595,0.0478416833916017
Meta-GDM/social_attention,40,,49,1,18,102.87165017938608,0.5618785409947529,0,20.51031829811307,0.9009649570914208,0.0208577830960838,0.045304562964891
Meta-GDM/social_attention,100,,0,1,16,251.5128708682366,0.5136755923624241,0,20.452849750094224,0.9013614336282584,0.0207697909221304,0.0555107831171206
Meta-GDM/social_attention,100,,1,1,18,299.1359806808242,0.4793739949021174,0,20.455165058346445,0.9032078961605032,0.0203605047514831,0.0481286453546992
Meta-GDM/social_attention,100,,2,1,18,265.4923173960087,0.5811415694981645,0,18.76282175196023,0.9010270791119148,0.0208439934634394,0.0491962225931205
Meta-GDM/social_attention,100,,3,1,24,268.2806886595133,0.5333000559861749,0,14.727165547757624,0.9018253553797708,0.020666879395809,0.0514402219806987
Meta-GDM/social_attention,100,,4,1,17,327.809258522323,0.5286827748068241,0,20.25737819281131,0.9019382029036488,0.0206418544919612,0.0504229565364712
Meta-GDM/social_attention,100,,5,1,20,276.875945018046,0.5406612772608155,0,18.166811046858136,0.9020080752295538,0.0206263612753867,0.0465667988095498
Meta-GDM/social_attention,100,,6,1,15,311.5676404675194,0.5190296393538898,0,21.11707957167457,0.901416843973374,0.0207574964884063,0.0487482590172137
Meta-GDM/social_attention,100,,7,1,17,296.1613414324532,0.5571403838733224,0,20.972473660715178,0.9006749363251436,0.0209221734928201,0.0517393290576296
Meta-GDM/social_attention,100,,8,1,21,305.27640858136976,0.5152181563852387,0,16.586749665869064,0.9033042324773476,0.0203391738530278,0.0505534245132704
Meta-GDM/social_attention,100,,9,1,18,317.4855115641581,0.5024772043318133,0,20.467305243405804,0.9021408561849882,0.0205969222521748,0.0486247983899112
Meta-GDM/social_attention,100,,10,1,19,288.52440654543307,0.5074247423816709,0,18.96840650342521,0.9007701925729348,0.0209010224188624,0.0490388161847755
Meta-GDM/social_attention,100,,11,1,22,311.8644643675696,0.5338060421623874,0,16.901682461546983,0.9007530366128242,0.020904831630941,0.0527725840595382
Meta-GDM/social_attention,100,,12,1,20,271.5245664331942,0.526757359603258,0,19.029911467600517,0.9039000798102372,0.0202072911764695,0.0514657800706217
Meta-GDM/social_attention,100,,13,1,19,275.48297677889525,0.5199686577691318,0,18.782184211871325,0.9003781378280556,0.0209880901510316,0.0493297420642211
Meta-GDM/social_attention,100,,14,1,15,258.5735248451181,0.5224379606201779,0,21.68230735228451,0.9012780548635172,0.020788292406278,0.0520159978301974
Meta-GDM/social_attention,100,,15,1,16,277.9860492730856,0.5797255148211755,0,21.41917385938165,0.9028008966640982,0.0204506481671546,0.048458415048484
Meta-GDM/social_attention,100,,16,1,18,298.2321787074308,0.5386964350456518,0,20.427320069511158,0.9026306722588432,0.0204883620099144,0.0497982940279659
Meta-GDM/social_attention,100,,17,1,19,307.00131222326706,0.5506100250207144,0,19.45870224152438,0.9007533823272734,0.0209047548697492,0.0486354451080916
Meta-GDM/social_attention,100,,18,1,20,293.54293769429506,0.5293464247689352,0,16.684804225286253,0.9001627502301413,0.0210359396834406,0.050693943839249
Meta-GDM/social_attention,100,,19,1,20,283.8816209699052,0.5537728909232875,0,18.79006332029885,0.9024818297696487,0.0205213444394005,0.0528420383843875
Meta-GDM/social_attention,100,,20,1,16,313.4913726347544,0.5539827465948406,0,20.771727645340228,0.9035949105839622,0.0202748253562701,0.0527209801219491
Meta-GDM/social_attention,100,,21,1,20,277.6535124470332,0.5682558352167808,0,16.64252317902963,0.9000069748265028,0.0210705531761261,0.0505995335973381
Meta-GDM/social_attention,100,,22,1,19,289.9937474829205,0.5361201947855028,0,19.3751726104521,0.9014059486208976,0.0207599138868375,0.0507288573436818
Meta-GDM/social_attention,100,,23,1,14,295.77987842179374,0.5104545387237509,0,22.18846225452704,0.901510702262182,0.020736672958567,0.0481059226334398
Meta-GDM/social_attention,100,,24,1,15,248.7022976086502,0.5748025365841134,0,21.944769072580836,0.9019080181238202,0.0206485479183697,0.0480218330084854
Meta-GDM/social_attention,100,,25,1,20,340.5976149523111,0.5347814237449955,0,20.188714478444965,0.9014363639807798,0.0207531655739823,0.0477097453680787
Meta-GDM/social_attention,100,,26,1,16,303.0026077643471,0.5489356970167358,0,21.92525617659301,0.904816560072723,0.0200046103760143,0.0508767370153369
Meta-GDM/social_attention,100,,27,1,18,273.5225208049679,0.5519062143085574,0,19.419422120054183,0.9021468400970518,0.0205955956539663,0.0501879954695992
Meta-GDM/social_attention,100,,28,1,22,304.47192848846555,0.4989787837166073,0,18.975362037919396,0.9012421706769153,0.0207962555206105,0.0469279827385369
Meta-GDM/social_attention,100,,29,1,25,282.24056230068504,0.5512421299171995,0,14.961402612679002,0.9012304349687827,0.0207988598782237,0.053070132944302
Meta-GDM/social_attention,100,,30,1,18,295.0700730999479,0.5681177519591403,0,18.972862435967716,0.9025604530705263,0.0205039214013532,0.0499292911125794
Meta-GDM/social_attention,100,,31,1,25,273.3389164908751,0.5325838033253281,0,13.060570335880072,0.9018214466891922,0.0206677462374931,0.0482508539967576
Meta-GDM/social_attention,100,,32,1,19,286.9673199353156,0.5519887296001027,0,18.64830306951319,0.9007166727131994,0.0209129059048389,0.0512819437055316
Meta-GDM/social_attention,100,,33,1,19,330.5204268780768,0.5049464195580959,0,19.696318217169985,0.9011296694525516,0.0208212228934922,0.0492081457775776
Meta-GDM/social_attention,100,,34,1,14,319.15836628978684,0.5254897958361815,0,21.67429350346868,0.9021676417558858,0.0205909841166663,0.0478175559192498
Meta-GDM/social_attention,100,,35,1,20,312.8549084021269,0.4952710489674978,0,17.911508411785192,0.9017738618619155,0.0206782995644089,0.0485730176483113
Meta-GDM/social_attention,100,,36,1,19,227.90907494568967,0.5809946225935652,0,15.910837430742312,0.9003402786296781,0.0209964999497069,0.0519289020329529
Meta-GDM/social_attention,100,,37,1,24,351.4172629249204,0.5265541431748246,0,14.858248827140416,0.9026726451482816,0.0204790621013525,0.0504027776900741
Meta-GDM/social_attention,100,,38,1,19,276.0663502298395,0.5658940196489017,0,17.165370456078534,0.9011724201799898,0.0208117348664423,0.0499642161512087
Meta-GDM/social_attention,100,,39,1,21,279.6504620833832,0.51928659417554,0,17.306422427399582,0.9015766935089968,0.0207220333471984,0.0510093059018105
Meta-GDM/social_attention,100,,40,1,23,271.80232632847105,0.4900718601707283,0,15.998911751368311,0.901666276002796,0.0207021619276753,0.0487298065445969
Meta-GDM/social_attention,100,,41,1,19,318.9338492085071,0.5333406376116294,0,19.894036607687102,0.9021702822628932,0.020590398748045,0.052230798049627
Meta-GDM/social_attention,100,,42,1,18,235.234178489771,0.5379893389387227,0,18.824874787568064,0.9000883427178132,0.0210524723799431,0.0470524920700886
Meta-GDM/social_attention,100,,43,1,15,279.2951344571477,0.5470128184592074,0,20.67380419395105,0.900816364561266,0.0208907710128096,0.0537372396140668
Meta-GDM/social_attention,100,,44,1,17,273.73276887621125,0.509277520676495,0,21.869845670525716,0.9001859081545106,0.0210307944746472,0.0493774124502028
Meta-GDM/social_attention,100,,45,1,24,299.2840307155673,0.5109923196985071,0,15.301246665094162,0.9024034567617888,0.0205387135228529,0.0499388909287585
Meta-GDM/social_attention,100,,46,1,24,295.6569647997976,0.5024530307293567,0,17.032727878837964,0.9000717728219377,0.0210561542515129,0.0498474548572105
Meta-GDM/social_attention,100,,47,1,20,247.40958877873683,0.5299620610502476,0,18.317348670968904,0.9025296779170732,0.0205107410394262,0.0475039152607714
Meta-GDM/social_attention,100,,48,1,19,267.9969602005867,0.5306859515704103,0,19.52403332799096,0.9005074732619893,0.0209593630773387,0.0517327325485493
Meta-GDM/social_attention,100,,49,1,17,254.74496407317667,0.5128346794230119,0,19.784457716038496,0.9024944457586404,0.0205185486156187,0.0478420540499223
