Model,Agents,Success,Steps,Total Cost,Cost Gini,Boundary Violations,Total Reward,Final Consensus,Final Interval Dispersion,Mean Half Width
cost=25,10,0.96,22.2,9.494528660898682,0.5268450965186946,0.0,17.94962976135791,0.902925105885341,0.02042477270352751,0.05106241469975826
cost=25,40,1.0,30.3,44.03068564406334,0.501716613831191,0.0,14.869627046520044,0.9014420046778336,0.020752080086047967,0.050569124576325175
cost=25,100,1.0,36.86,117.57291738451939,0.48632625363960585,0.0,11.016458113919285,0.9009909848235391,0.020852066646704213,0.05002582045075624
cost=50,10,0.96,14.72,17.193672103267005,0.543112140641427,0.0,21.328960172827045,0.90682129873263,0.019565294522747155,0.05106241469975826
cost=50,40,1.0,16.24,69.90256930484237,0.5461453690835529,0.0,20.24191917595124,0.9033675525520928,0.020325975841133347,0.050569124576325175
cost=50,100,1.0,18.66,181.60616046388324,0.5419852755565049,0.0,18.15723606477688,0.9024644654355615,0.020525464256028778,0.05002582045075624
cost=100,10,0.96,15.88,28.716793909603666,0.5487586656427036,0.0,19.0294325616075,0.9050859840145449,0.019947012349990762,0.05106241469975826
cost=100,40,1.0,17.12,117.22849137960476,0.546067564131239,0.0,18.010287906129705,0.9027045237079906,0.02047279592581503,0.050569124576325175
cost=100,100,1.0,19.36,306.3269242834621,0.5382938071101682,0.0,16.0066262956313,0.9022257863541135,0.02057840826078488,0.05002582045075624
boundary=10,10,0.96,14.58,25.35996992157527,0.5476889711738001,0.0,20.653774049152666,0.9065789491818684,0.019618896126050386,0.05106241469975826
boundary=10,40,1.0,16.72,104.95968558753827,0.5485577997298474,0.0,19.494969873343926,0.9027975251918654,0.020452023200199666,0.050569124576325175
boundary=10,100,1.0,19.56,272.49457461174825,0.5428132782196043,0.0,17.184550088071354,0.9019042974363393,0.020649606449951174,0.05002582045075624
boundary=40,10,0.96,14.28,25.03821874079738,0.5320725687164262,0.0,20.92976033352851,0.9075965280186326,0.019395793841110474,0.05106241469975826
boundary=40,40,1.0,15.72,100.66934208701129,0.5401999786294936,0.0,20.349823876018444,0.9038665162082161,0.02021545329382354,0.050569124576325175
boundary=40,100,1.0,17.94,259.8527601077208,0.5377424687905347,0.0,18.125967056971774,0.9024982681261003,0.020517952424283892,0.05002582045075624
cost=75,10,0.96,15.12,27.14846920134789,0.5423662412099516,4.02,20.755288179556622,0.9080834129025324,0.019289281272240156,0.05106241469975826
cost=75,40,1.0,16.72,110.46893890687525,0.5398618543643283,0.0,20.585235102590364,0.9030482399408243,0.02039658652538226,0.050569124576325175
cost=75,100,1.0,19.02,288.2542394228502,0.5327690789930751,0.0,18.858583795500405,0.9016595730351323,0.020703785141433406,0.05002582045075624
boundary=20,10,0.96,15.12,27.14846920134789,0.5423662412099516,4.02,20.755288179556622,0.9080834129025324,0.019289281272240156,0.05106241469975826
boundary=20,40,1.0,16.72,110.46893890687525,0.5398618543643283,0.0,20.585235102590364,0.9030482399408243,0.02039658652538226,0.050569124576325175
boundary=20,100,1.0,19.02,288.2542394228502,0.5327690789930751,0.0,18.858583795500405,0.9016595730351323,0.020703785141433406,0.05002582045075624
