Scenario,Context Mode,Agents,Episode,Seed,Success,Steps,Total Cost,Cost Gini,Boundary Violations,Total Reward,Final Consensus,Consensus AUC
hidden_heterogeneity,Real history,10,0,20845704,1,17,40.04423871114738,0.47087794294305385,0,20.605402559039785,0.90693807292183,0.8784292262691691
hidden_heterogeneity,Real history,10,1,20846701,1,25,21.861553122571433,0.6244908689434463,0,6.156054597256302,0.9016318735451359,0.8701808668547625
hidden_heterogeneity,Real history,10,2,20847698,1,14,21.467065826028296,0.4365473253555079,0,23.030781296329383,0.9017714584216083,0.8823484906562382
hidden_heterogeneity,Real history,10,3,20848695,1,13,25.820865264100792,0.5501728314181411,0,22.818171575388323,0.9064691020189054,0.8883441128417092
hidden_heterogeneity,Real history,10,4,20849692,1,21,13.014151661955898,0.4354662198867145,0,17.880733479828102,0.9018850895034362,0.8721713361199055
hidden_heterogeneity,Real history,10,5,20850689,1,16,40.92634079234728,0.5431472190275044,0,21.182297266984666,0.9045519081437767,0.8817654126386764
hidden_heterogeneity,Real history,10,6,20851686,1,13,25.188608960174136,0.586454043125999,0,23.560753312725367,0.9094005916401182,0.888417058301449
hidden_heterogeneity,Real history,10,7,20852683,1,13,28.685154394157973,0.4704196953323725,0,24.823040126316684,0.9038588327175638,0.8805926146170905
hidden_heterogeneity,Real history,10,8,20853680,1,21,14.63581286364083,0.5638701001212849,0,15.852529835448763,0.9018321658881622,0.8653199168393385
hidden_heterogeneity,Real history,10,9,20854677,1,5,24.839580217501297,0.534300529111635,0,26.129497594304937,0.9040551414761079,0.8967612113279294
hidden_heterogeneity,Real history,10,10,20855674,1,5,25.72148050362091,0.5202196884894932,0,28.46604575049253,0.9175400209925649,0.9103767760834546
hidden_heterogeneity,Real history,10,11,20856671,1,19,24.11021595301881,0.42482599325050696,0,21.40466849235061,0.9049889823569701,0.8714852435312949
hidden_heterogeneity,Real history,10,12,20857668,1,8,25.942060940250673,0.6378581322637094,0,22.588948881362114,0.9061888858736018,0.8951477548967189
hidden_heterogeneity,Real history,10,13,20858665,1,9,38.111124221924264,0.631640492810124,0,27.869218317845153,0.9286006892520522,0.9124612093287923
hidden_heterogeneity,Real history,10,14,20859662,1,14,21.007745445976383,0.33604680519677466,0,24.52558142912274,0.922855412329319,0.8956267874497459
hidden_heterogeneity,Real history,10,15,20860659,1,9,38.947885080106516,0.4758145031433385,0,27.244330185753995,0.9070276090877052,0.8931425551210356
hidden_heterogeneity,Real history,10,16,20861656,1,8,23.588616650943756,0.6940014628940658,0,25.174113228125137,0.9013985409367232,0.8903856436365359
hidden_heterogeneity,Real history,10,17,20862653,1,19,21.5438151232552,0.5813289016471117,0,16.12642190890807,0.9081089951013258,0.8808116776166703
hidden_heterogeneity,Real history,10,18,20863650,1,9,26.184677414675274,0.5874961155473524,0,23.604582377438824,0.9028034185561357,0.890474201247263
hidden_heterogeneity,Real history,10,19,20864647,1,8,35.343627148289464,0.6168830518758333,0,23.58873494678775,0.9215525533903243,0.9103198286634012
hidden_heterogeneity,Real history,10,20,20865644,1,13,38.610006601622274,0.47350682781368336,0,27.069553809825624,0.9095754079244305,0.8834532685951
hidden_heterogeneity,Real history,10,21,20866641,1,71,41.21072252769734,0.6837252446195474,0,-35.296993984167685,0.9003606393887744,0.8832330304125963
hidden_heterogeneity,Real history,10,22,20867638,1,7,17.09478515481754,0.5888817513221507,0,23.28216048244232,0.9182721701773296,0.9094659504343704
hidden_heterogeneity,Real history,10,23,20868635,1,9,19.036688985767718,0.5069619401254455,0,27.559626402204792,0.9029212737718161,0.8867318512697684
hidden_heterogeneity,Real history,10,24,20869632,1,12,19.778155345766592,0.6887946742813749,0,18.996416035680618,0.9036809160388402,0.8886278560276701
hidden_heterogeneity,Real history,10,25,20870629,1,8,34.07799466973572,0.41121932113346604,0,28.589343469029103,0.9082027564417819,0.8962821316221229
hidden_heterogeneity,Real history,10,26,20871626,1,8,19.59757836924872,0.546494949655153,0,27.72777416780801,0.919200734954294,0.9061600032195055
hidden_heterogeneity,Real history,10,27,20872623,1,7,21.543258587022407,0.46393642485977393,0,27.940311122878818,0.9054570365117741,0.8938745819222922
hidden_heterogeneity,Real history,10,28,20873620,1,10,28.2395649108583,0.48010831225561224,0,26.163622611277226,0.9133694924419943,0.8960476496314628
hidden_heterogeneity,Real history,10,29,20874617,1,8,35.128041449957124,0.5246038893055636,0,27.239777403604375,0.9103051161270077,0.8971795689539377
hidden_heterogeneity,Real history,10,30,20875614,1,5,10.38771997909991,0.5897432481697276,0,23.28883807961728,0.9004419037640335,0.895160617476965
hidden_heterogeneity,Real history,10,31,20876611,1,8,23.743456538359528,0.545670570921825,0,24.347906292967764,0.9014030656598861,0.8915267866811983
hidden_heterogeneity,Real history,10,32,20877608,1,80,62.80637584640087,0.597175825871231,0,-36.43922509225685,0.9003223577770254,0.8834679964645943
hidden_heterogeneity,Real history,10,33,20878605,1,9,30.08743852407673,0.6288376142019731,0,25.3862516100084,0.9058585040151369,0.8923168563970827
hidden_heterogeneity,Real history,10,34,20879602,1,6,17.783033014577526,0.46083089727872806,0,23.958333424454008,0.9129296731224654,0.90651367566103
hidden_heterogeneity,Real history,10,35,20880599,1,5,37.18471475535166,0.4728064405061252,0,27.942739078944577,0.9190006194741696,0.9118403378323112
hidden_heterogeneity,Real history,10,36,20881596,1,18,33.21322795431638,0.41574143733134705,0,22.69791250723424,0.9030324429159259,0.8691812703220628
hidden_heterogeneity,Real history,10,37,20882593,1,11,25.42211844600975,0.627183592679132,0,21.0731242106104,0.9061672908335469,0.8902008953951347
hidden_heterogeneity,Real history,10,38,20883590,1,17,25.19939080339564,0.5706930383174487,0,14.664319411054567,0.9021418760320049,0.8824746318098773
hidden_heterogeneity,Real history,10,39,20884587,1,19,34.54000424595902,0.37029706915614913,0,14.64785905847763,0.900562408427705,0.8801525118608123
hidden_heterogeneity,Real history,10,40,20885584,1,20,16.787359421206673,0.5946473750477133,0,15.120207492435712,0.9009327863628138,0.8746529867670607
hidden_heterogeneity,Real history,10,41,20886581,1,70,62.4942586902462,0.660229802198016,3,-35.08891536263066,0.900335229111074,0.8866873084390761
hidden_heterogeneity,Real history,10,42,20887578,1,10,18.82174820164593,0.5864198086089227,0,24.411275660776838,0.9053654894714703,0.8899935816832927
hidden_heterogeneity,Real history,10,43,20888575,1,17,38.83798692680001,0.5063596702404927,0,20.51297382690041,0.9043109474491406,0.876375271502371
hidden_heterogeneity,Real history,10,44,20889572,1,6,19.91514833635162,0.5205770076555298,0,29.067617202034107,0.9121536677215362,0.9017048919000115
hidden_heterogeneity,Real history,10,45,20890569,0,120,41.66814408344734,0.28613075388365283,0,-85.01937372168632,0.8939577299445645,0.8812469793490306
hidden_heterogeneity,Real history,10,46,20891566,1,8,25.438268720681734,0.614026025026656,0,19.22166124836452,0.9048425117141576,0.8969733851275058
hidden_heterogeneity,Real history,10,47,20892563,1,8,21.522558746106277,0.4911008060475217,0,25.60121363337497,0.9106267977631902,0.8987290129821252
hidden_heterogeneity,Real history,10,48,20893560,1,7,19.633942730904153,0.6441864132564712,0,28.109520385595438,0.909427500384805,0.8980978540563378
hidden_heterogeneity,Real history,10,49,20894557,1,7,25.63006808354236,0.46119303121395294,0,22.84133298457978,0.9012507837865961,0.892675580200361
hidden_heterogeneity,Zero history,10,0,20845704,1,38,44.71228564180919,0.42952717552558695,0,9.451628384423922,0.9007923221551601,0.8698822564114816
hidden_heterogeneity,Zero history,10,1,20846701,0,120,45.5410969441957,0.5725722277851053,456,-123.85958254750437,0.6461076132233207,0.6426395449714969
hidden_heterogeneity,Zero history,10,2,20847698,1,55,31.575129162946325,0.4570255926186919,0,-6.3513593634197765,0.9010627279190395,0.867734055438215
hidden_heterogeneity,Zero history,10,3,20848695,1,14,30.235556993990606,0.579577620659427,0,21.921127216044738,0.9033059733992765,0.8859869450726329
hidden_heterogeneity,Zero history,10,4,20849692,1,33,18.189822733532758,0.39202634155858895,0,9.950097931530085,0.900411763033815,0.8686571855265529
hidden_heterogeneity,Zero history,10,5,20850689,1,42,55.88384166884561,0.5310931055074155,0,2.509828004082494,0.903606156434457,0.8761370524127992
hidden_heterogeneity,Zero history,10,6,20851686,1,12,27.34506308422614,0.5927578881004782,0,23.579457352798812,0.9029487337033099,0.883492976501653
hidden_heterogeneity,Zero history,10,7,20852683,1,14,32.64628821832623,0.4512102330546359,0,24.315275538754776,0.9039793960380462,0.8814951923791088
hidden_heterogeneity,Zero history,10,8,20853680,1,41,21.95763038898457,0.5664317796518648,0,1.6295359603912623,0.9017089448360267,0.864627815897205
hidden_heterogeneity,Zero history,10,9,20854677,0,120,58.8995059938143,0.4494880532417489,796,-155.09496294149196,0.6805981549156714,0.4111872525483547
hidden_heterogeneity,Zero history,10,10,20855674,1,5,34.026169096822855,0.4852029803656541,0,27.738992462376952,0.9029267736612099,0.8965707035487088
hidden_heterogeneity,Zero history,10,11,20856671,1,35,29.995930812030323,0.3987433974473418,0,11.310636855284598,0.9013784754409879,0.8657941021399599
hidden_heterogeneity,Zero history,10,12,20857668,1,10,27.90340497818437,0.6373542454785104,0,20.99263252201133,0.9075829054219289,0.8958711233292486
hidden_heterogeneity,Zero history,10,13,20858665,1,12,40.10705098602658,0.6220390589205462,0,24.12988957129224,0.9034493047272396,0.8875296529358015
hidden_heterogeneity,Zero history,10,14,20859662,1,17,24.16656314932158,0.30992246149236813,0,22.015918898567655,0.9038334438532667,0.8785266093254065
hidden_heterogeneity,Zero history,10,15,20860659,1,16,42.21955465771765,0.39562358528352637,0,22.429376253970055,0.9004491300969216,0.8847804869925249
hidden_heterogeneity,Zero history,10,16,20861656,1,20,32.08243841947981,0.5984556104344922,0,16.41830088507564,0.9005687458923773,0.8877340458141433
hidden_heterogeneity,Zero history,10,17,20862653,1,23,26.00222123815704,0.5437437791899218,0,12.511245636736506,0.9011849896110394,0.8746618972197883
hidden_heterogeneity,Zero history,10,18,20863650,1,7,29.735739703854723,0.592859719705163,0,25.221892320889957,0.9023041926459439,0.8910974090981217
hidden_heterogeneity,Zero history,10,19,20864647,1,11,34.993508191708784,0.6145853362903269,0,20.866508767309288,0.9115680751642531,0.8994794028659504
hidden_heterogeneity,Zero history,10,20,20865644,1,14,42.48856625520067,0.4874549959833927,0,25.914828075499464,0.906925230513367,0.8812284598385525
hidden_heterogeneity,Zero history,10,21,20866641,0,120,51.354428832251834,0.6488552096895401,808,-171.7668183539544,0.4307439222796375,0.4393720566907528
hidden_heterogeneity,Zero history,10,22,20867638,1,17,25.099404822831794,0.5811676158277144,0,14.850308299045206,0.9043361695968933,0.8952732066672896
hidden_heterogeneity,Zero history,10,23,20868635,1,12,20.750917107999612,0.4886824412628876,0,25.446957557874583,0.9007986134744176,0.8840142360987244
hidden_heterogeneity,Zero history,10,24,20869632,1,13,23.10170047459958,0.6691584614827513,0,18.093172315418705,0.9005423222753823,0.8858088807569565
hidden_heterogeneity,Zero history,10,25,20870629,1,7,37.93200416771833,0.45300931247704,0,29.980058169650277,0.9136731658050311,0.9022275287805359
hidden_heterogeneity,Zero history,10,26,20871626,1,7,25.046159658966626,0.5522946140081573,0,28.029570708603394,0.9058763499110698,0.8944885554865565
hidden_heterogeneity,Zero history,10,27,20872623,1,7,22.32542145389641,0.47122535788961084,0,28.207268542186,0.9053908528269724,0.8939994694018146
hidden_heterogeneity,Zero history,10,28,20873620,1,12,28.01988806535884,0.49177925824804936,0,23.987837178761115,0.900766112440612,0.8834945217312306
hidden_heterogeneity,Zero history,10,29,20874617,1,12,37.68030656487904,0.47514903232862893,0,23.51037776961295,0.9067806904341444,0.8927488044699956
hidden_heterogeneity,Zero history,10,30,20875614,1,8,14.135841583687942,0.598794061178106,0,20.917295386021635,0.9023015109687637,0.8965760066585394
hidden_heterogeneity,Zero history,10,31,20876611,0,120,34.202369918647015,0.5257051367128571,879,-152.23707388474904,0.3804427206076699,0.3699464514418082
hidden_heterogeneity,Zero history,10,32,20877608,0,120,67.69833008547563,0.5779600324196585,877,-197.82755593670834,0.31799704357226594,0.3456307312794583
hidden_heterogeneity,Zero history,10,33,20878605,1,20,48.171096120214756,0.6447359108719599,0,16.690152363565872,0.9070365824259198,0.8919683332746463
hidden_heterogeneity,Zero history,10,34,20879602,1,6,23.128660728647137,0.412552285009262,0,23.782380477783896,0.907327490472089,0.9015039212041973
hidden_heterogeneity,Zero history,10,35,20880599,1,5,42.52659357617941,0.4788534518619074,0,27.29119577064637,0.9093677113777918,0.9027388747449796
hidden_heterogeneity,Zero history,10,36,20881596,1,58,46.24607884911184,0.4302331048413124,0,-7.079831198670146,0.9038444484417064,0.8595863413442221
hidden_heterogeneity,Zero history,10,37,20882593,1,11,28.721580163020935,0.6182057700705155,0,20.742038778866167,0.9020651615763768,0.8866959854627557
hidden_heterogeneity,Zero history,10,38,20883590,0,120,61.04778156884693,0.71462826548248,608,-145.08933628310413,0.505082103449449,0.618811490861793
hidden_heterogeneity,Zero history,10,39,20884587,1,49,53.21813821011509,0.37905344944679564,0,-9.008015610719177,0.9021872905888884,0.875081612583061
hidden_heterogeneity,Zero history,10,40,20885584,1,38,18.94971290648126,0.5452669172514018,0,5.593313291729917,0.9010943876074314,0.8707380770050887
hidden_heterogeneity,Zero history,10,41,20886581,0,120,54.65159379453028,0.6290294921673543,944,-225.25259158431717,0.3487801375171796,0.29865184526352545
hidden_heterogeneity,Zero history,10,42,20887578,1,17,22.457056159553936,0.5963589461111245,0,18.825127364824553,0.9009395272766304,0.8837837247097741
hidden_heterogeneity,Zero history,10,43,20888575,1,23,47.0335350431634,0.44587914149863583,0,15.603123624183464,0.9010668157230026,0.8737209181092482
hidden_heterogeneity,Zero history,10,44,20889572,1,7,21.977299624400263,0.5186071540385144,0,27.67402468279917,0.9008214735017814,0.8907874962819133
hidden_heterogeneity,Zero history,10,45,20890569,0,120,51.92362607631614,0.30764122260684945,823,-153.82105079703226,0.435678413779959,0.45834104998925596
hidden_heterogeneity,Zero history,10,46,20891566,1,44,55.16815421108616,0.4715068526678152,0,-5.462205082015895,0.9009395873802268,0.8890115788601652
hidden_heterogeneity,Zero history,10,47,20892563,1,12,28.03483228449067,0.40728015314408705,0,23.276173012429425,0.904374101415461,0.892275258710832
hidden_heterogeneity,Zero history,10,48,20893560,1,12,22.674968195572834,0.6701942407562389,0,23.910735664759937,0.9070257235007118,0.8943408992110434
hidden_heterogeneity,Zero history,10,49,20894557,1,11,30.912526120689364,0.4479700609089021,0,20.249088733984276,0.90120015077701,0.8920015092782172
hidden_heterogeneity,Real history,40,0,20846094,1,18,112.8057683983877,0.634389431551496,0,14.073809367729543,0.902731319752007,0.8855686942798544
hidden_heterogeneity,Real history,40,1,20847091,1,11,140.87241182177462,0.5616584639717681,0,23.248326310108876,0.9045828261138373,0.8888871589967253
hidden_heterogeneity,Real history,40,2,20848088,1,14,117.30474289804887,0.46961389602357917,0,22.50138536685038,0.9070704224139423,0.8891884575297854
hidden_heterogeneity,Real history,40,3,20849085,1,19,106.75027886231953,0.57699193429312,0,15.33458410371237,0.9005228286474597,0.8757222014487955
hidden_heterogeneity,Real history,40,4,20850082,1,17,135.41041226142636,0.5373664080317158,0,17.275648968432968,0.901143290368468,0.8796210356634752
hidden_heterogeneity,Real history,40,5,20851079,1,20,100.73133489608722,0.5034776914525498,0,15.067278389307145,0.9009272061703612,0.8804380501895961
hidden_heterogeneity,Real history,40,6,20852076,1,17,86.70500183703264,0.5630076363085452,0,19.514148236142574,0.9032087289504934,0.8785471896534321
hidden_heterogeneity,Real history,40,7,20853073,1,16,115.65965911696559,0.5661770497616605,0,17.180469351829355,0.9042853558368753,0.8896679663562936
hidden_heterogeneity,Real history,40,8,20854070,1,24,141.20679477097733,0.5359391080415552,0,11.010924460148384,0.9044969384440468,0.875136016858841
hidden_heterogeneity,Real history,40,9,20855067,1,18,134.04333528590996,0.525102483120746,0,17.509210864080273,0.9022515866732271,0.8790450768566607
hidden_heterogeneity,Real history,40,10,20856064,1,15,134.32920185501905,0.45809159664907817,0,19.868159470191994,0.9015331963778516,0.8835346448170935
hidden_heterogeneity,Real history,40,11,20857061,1,17,155.1224576945229,0.592049461234029,0,18.308479781185646,0.9087415104125991,0.8884971892083909
hidden_heterogeneity,Real history,40,12,20858058,1,21,116.40028293499046,0.5341256171864674,0,13.93158860113611,0.9004053307423094,0.8753109586046955
hidden_heterogeneity,Real history,40,13,20859055,1,12,156.88827087323222,0.5122647261730218,0,24.72247286675462,0.9104673326882429,0.8910832357535194
hidden_heterogeneity,Real history,40,14,20860052,1,23,97.42912510258932,0.4702332804396847,0,14.922239217073525,0.9009440118681701,0.8695100213447482
hidden_heterogeneity,Real history,40,15,20861049,1,16,97.89689882827167,0.5927145277675845,0,19.598017855373655,0.9035350366854252,0.8811177151015163
hidden_heterogeneity,Real history,40,16,20862046,1,11,131.69193551076341,0.4963744658103233,0,24.94867552096462,0.9003331470860282,0.8831963522145045
hidden_heterogeneity,Real history,40,17,20863043,1,16,117.31779683597487,0.5899068535703285,0,19.243272724731234,0.9005931911287467,0.8819176269119888
hidden_heterogeneity,Real history,40,18,20864040,1,11,124.83993550093767,0.4817908854871229,0,23.311810928020417,0.9021678128463141,0.887933524484545
hidden_heterogeneity,Real history,40,19,20865037,1,17,141.99299063408358,0.4983202738325536,0,19.469190202407002,0.9023315590056805,0.8820521696346852
hidden_heterogeneity,Real history,40,20,20866034,1,17,108.34314251992043,0.5166002905765954,0,18.731287159481795,0.9007004658154988,0.8780847027112405
hidden_heterogeneity,Real history,40,21,20867031,1,11,84.01155588248757,0.5860851970299366,0,19.570394787099836,0.900402337776868,0.8902342997061541
hidden_heterogeneity,Real history,40,22,20868028,1,25,137.1126264887207,0.5600659026202044,0,9.469798842917541,0.9038476201144624,0.8758425901930963
hidden_heterogeneity,Real history,40,23,20869025,1,17,152.9165761284616,0.5242217976550554,0,19.199183184545717,0.9009891458888423,0.8777771931330078
hidden_heterogeneity,Real history,40,24,20870022,1,27,144.03467151478014,0.5901799107661065,0,7.473728705934653,0.9033958686057828,0.8813462019124302
hidden_heterogeneity,Real history,40,25,20871019,1,15,138.91455137018468,0.5462227527726808,0,20.449767735703347,0.9017820957339014,0.8809645730399328
hidden_heterogeneity,Real history,40,26,20872016,1,28,125.92472746810023,0.5449449991174056,0,8.45689479144521,0.9004793390106748,0.863649977563414
hidden_heterogeneity,Real history,40,27,20873013,1,26,133.705268345713,0.5317120136757676,0,9.867385196925396,0.9005758878264524,0.8726357667327742
hidden_heterogeneity,Real history,40,28,20874010,1,16,127.87741994469688,0.5447123947842749,0,17.604750606530647,0.9013046113627479,0.8853197303780201
hidden_heterogeneity,Real history,40,29,20875007,1,14,89.70972587213117,0.5012024592411253,0,17.468918473195053,0.9036489806179051,0.8894125332623827
hidden_heterogeneity,Real history,40,30,20876004,1,26,96.66001106606824,0.5265286216018761,0,9.098139621253852,0.9009514186258318,0.873921408644505
hidden_heterogeneity,Real history,40,31,20877001,1,22,141.5106751049163,0.4867467103675489,0,12.80637868768318,0.9049879425640012,0.8804111651624074
hidden_heterogeneity,Real history,40,32,20877998,1,18,113.0612334780254,0.5667708137191936,0,15.228072542261245,0.9034286845484525,0.8855043254760417
hidden_heterogeneity,Real history,40,33,20878995,1,20,85.0731512606184,0.5338051601062268,0,14.289033145517074,0.900327737715408,0.87651504564507
hidden_heterogeneity,Real history,40,34,20879992,1,28,123.30680001143838,0.5366009765135105,0,7.437745416701739,0.9001728413073113,0.8724873472231046
hidden_heterogeneity,Real history,40,35,20880989,1,28,127.04431546559474,0.5520755403558577,0,6.0247204853572285,0.9012932500403169,0.8823135067390361
hidden_heterogeneity,Real history,40,36,20881986,1,16,167.08472667830182,0.5394392528916154,0,19.970303659551305,0.9026383136078067,0.8817487569392256
hidden_heterogeneity,Real history,40,37,20882983,1,17,121.4767731211073,0.5033292566564165,0,18.85604585597753,0.9005005964890969,0.8822077339344979
hidden_heterogeneity,Real history,40,38,20883980,1,15,135.4287814355667,0.5646465523217281,0,20.42517728369937,0.9002292848738447,0.8792472092125797
hidden_heterogeneity,Real history,40,39,20884977,1,21,128.1479611247575,0.5849340244576622,0,12.848642739947497,0.9016886605622317,0.8787272731556958
hidden_heterogeneity,Real history,40,40,20885974,1,13,132.1754097656887,0.523105915033083,0,22.05015446155412,0.9007782372270667,0.8854084143791279
hidden_heterogeneity,Real history,40,41,20886971,1,11,129.11178424283082,0.49587220983859903,0,23.900413514309736,0.9013306577409338,0.8870302587710728
hidden_heterogeneity,Real history,40,42,20887968,1,15,105.6732809512269,0.5227673173141694,0,22.11777447647915,0.9008727982443299,0.8829563771762149
hidden_heterogeneity,Real history,40,43,20888965,1,15,105.69843536936659,0.5031737806840251,0,20.80902948378774,0.9021113384923122,0.8814317908753476
hidden_heterogeneity,Real history,40,44,20889962,1,12,64.10004775103934,0.567871046145358,0,21.791221403067212,0.9022915454417896,0.887416910736984
hidden_heterogeneity,Real history,40,45,20890959,1,17,107.40457325959727,0.5531170787282573,0,18.46382571062137,0.9029082947859892,0.8804180341029844
hidden_heterogeneity,Real history,40,46,20891956,1,15,101.94382307588128,0.58094193717585,0,18.962587480404128,0.9022676910444623,0.8827782056725577
hidden_heterogeneity,Real history,40,47,20892953,1,20,103.36571646604797,0.5574737649657924,0,14.506768788480718,0.9019717087372215,0.8797216679975283
hidden_heterogeneity,Real history,40,48,20893950,1,18,117.32419342948248,0.48556786034315835,0,20.022320533710985,0.9019704564407097,0.879607168381908
hidden_heterogeneity,Real history,40,49,20894947,1,19,143.33852520024283,0.4963472123678343,0,20.167650322885777,0.9060285272648742,0.8815291342857344
hidden_heterogeneity,Zero history,40,0,20846094,0,120,260.0369765212217,0.6640586535770385,2493,-158.38994051753568,0.5142189604085523,0.5576213279895995
hidden_heterogeneity,Zero history,40,1,20847091,1,25,185.79616587656275,0.5174325610901864,0,12.31861755727975,0.9003966292245957,0.88250613369926
hidden_heterogeneity,Zero history,40,2,20848088,1,26,167.57067341342818,0.45672710737191835,0,13.8477124265527,0.9067218662428812,0.8872164465382713
hidden_heterogeneity,Zero history,40,3,20849085,1,34,138.12111995122837,0.5524643419208057,0,3.2685837153812285,0.9008981356041129,0.8743813135210633
hidden_heterogeneity,Zero history,40,4,20850082,1,37,207.95115818636586,0.5017679702049296,0,0.7503768342751709,0.9010099369381224,0.8763547938628204
hidden_heterogeneity,Zero history,40,5,20851079,1,43,129.87836154956418,0.4817912900056651,2,0.933820772600626,0.901666449032199,0.8757803664224506
hidden_heterogeneity,Zero history,40,6,20852076,1,25,111.42567664372095,0.5584163542918841,0,13.95079432660531,0.9005646546944902,0.8756233925027677
hidden_heterogeneity,Zero history,40,7,20853073,1,33,183.52072377113393,0.5129151975605561,0,3.0728221688600037,0.9016456102731315,0.8862533514561697
hidden_heterogeneity,Zero history,40,8,20854070,1,44,192.97954647681087,0.5119143108561666,0,-4.807675486879679,0.9009967402407305,0.8697029775608836
hidden_heterogeneity,Zero history,40,9,20855067,1,50,218.1315650976598,0.533302696030288,1,-8.64707736544188,0.9010981796353738,0.8702535696898441
hidden_heterogeneity,Zero history,40,10,20856064,1,21,180.7116497890607,0.44567434812024476,0,15.49400644595257,0.9010169019622413,0.8835878219542441
hidden_heterogeneity,Zero history,40,11,20857061,0,120,245.77235160062727,0.5577409375616753,2967,-174.47364685795458,0.46794607816574285,0.46989138410376097
hidden_heterogeneity,Zero history,40,12,20858058,1,56,158.96112824263076,0.4844634406553121,0,-5.407678207146947,0.9001192665325176,0.8670505954874043
hidden_heterogeneity,Zero history,40,13,20859055,1,19,190.7407520687539,0.5067168627055445,0,18.38563131892634,0.9007914726162684,0.8822954903953824
hidden_heterogeneity,Zero history,40,14,20860052,1,43,127.5081823425511,0.4381077033826397,0,0.9163152814171767,0.901438162627747,0.8673110765676681
hidden_heterogeneity,Zero history,40,15,20861049,1,36,135.0382291895779,0.5267621275573162,0,5.906870036998585,0.9008094493008993,0.8757400284814592
hidden_heterogeneity,Zero history,40,16,20862046,1,25,193.23168601165963,0.4226486497155755,0,15.444323977721682,0.901224161041848,0.8820872996395707
hidden_heterogeneity,Zero history,40,17,20863043,1,15,129.96299804540067,0.5984213443560022,0,20.53822069816647,0.9007322513596915,0.882800895709394
hidden_heterogeneity,Zero history,40,18,20864040,1,37,210.6391754804587,0.4405999279810682,0,2.9225776833239685,0.9021883170088951,0.8844305928346772
hidden_heterogeneity,Zero history,40,19,20865037,1,14,160.76109296078366,0.4737781318270675,0,21.638604066230435,0.9023613935905934,0.8842492037728001
hidden_heterogeneity,Zero history,40,20,20866034,1,26,140.93050125710977,0.5136908177556223,0,11.81904238430741,0.9022661856951024,0.879235243804523
hidden_heterogeneity,Zero history,40,21,20867031,1,36,143.00923209020215,0.5358642750909519,0,2.788055981305553,0.9013797020082689,0.8886081371177851
hidden_heterogeneity,Zero history,40,22,20868028,1,50,203.76969456164687,0.5554039858395026,0,-11.870826414665139,0.9003441894325481,0.8679906428857797
hidden_heterogeneity,Zero history,40,23,20869025,1,41,214.81771532368924,0.5129599933457305,3,-1.5399738579328126,0.9014788076485246,0.8737558878381788
hidden_heterogeneity,Zero history,40,24,20870022,0,120,266.83521572331625,0.655744789043275,1188,-117.06516318839455,0.6677168137077126,0.6992673940612377
hidden_heterogeneity,Zero history,40,25,20871019,1,32,190.63254692318435,0.4870481419871562,0,7.450965382517573,0.9001584412223481,0.8782472850702947
hidden_heterogeneity,Zero history,40,26,20872016,1,55,180.55381869726403,0.5072867613479985,1,-10.600043674526232,0.9002315568147856,0.8588472605054579
hidden_heterogeneity,Zero history,40,27,20873013,0,120,210.28548714397812,0.5720426086996953,1275,-117.01428351625735,0.6051365687555436,0.6700016615695902
hidden_heterogeneity,Zero history,40,28,20874010,0,120,227.86329682414555,0.5390588934712093,2732,-161.51991389437924,0.47419650277304354,0.4877735785522432
hidden_heterogeneity,Zero history,40,29,20875007,1,44,138.22425998520458,0.45322018160724964,0,-4.018412331125365,0.9023384689302637,0.8810430236913748
hidden_heterogeneity,Zero history,40,30,20876004,0,120,150.1669810522274,0.4501255954187411,1301,-104.85874230201019,0.6572571415131833,0.6903965242656321
hidden_heterogeneity,Zero history,40,31,20877001,1,38,206.87386306870326,0.48666693834167774,0,0.32988377671119196,0.9017729420782559,0.8763393491976804
hidden_heterogeneity,Zero history,40,32,20877998,1,50,171.43136065900651,0.5450951675707876,1,-11.243607269516568,0.9004976243674769,0.8760213915877012
hidden_heterogeneity,Zero history,40,33,20878995,1,24,106.85537007490953,0.5084924600617713,0,11.682324072144475,0.9025221597445945,0.8787036147773596
hidden_heterogeneity,Zero history,40,34,20879992,0,120,197.25864785278497,0.5006092483343936,2613,-159.3451346323418,0.44606520501027835,0.5175018115146658
hidden_heterogeneity,Zero history,40,35,20880989,0,120,223.81536215123663,0.5893396393978003,2276,-151.69201399321867,0.3815580873024342,0.5269252862145154
hidden_heterogeneity,Zero history,40,36,20881986,1,25,217.58362659132393,0.5096583980914522,0,12.42993341033765,0.9004396485793472,0.8797355614578325
hidden_heterogeneity,Zero history,40,37,20882983,0,120,203.66897490302247,0.5522393297604813,2873,-174.61354597858917,0.3366219180065975,0.48371901743968176
hidden_heterogeneity,Zero history,40,38,20883980,1,37,189.56843337611093,0.523841881319399,0,5.440700834663242,0.90012514031794,0.874197974440111
hidden_heterogeneity,Zero history,40,39,20884977,1,41,182.02212796983548,0.5835382156326341,1,-1.759630538759744,0.9014969177547336,0.8749049739788195
hidden_heterogeneity,Zero history,40,40,20885974,1,29,184.22175312195142,0.4733941596033968,0,8.891066401066183,0.900316677584802,0.8834866335212136
hidden_heterogeneity,Zero history,40,41,20886971,1,17,168.51466665693647,0.4502430049619526,0,19.60268632228904,0.9023227095777023,0.8877832992762876
hidden_heterogeneity,Zero history,40,42,20887968,1,34,141.5803857317939,0.4810157324143214,0,9.977536762780739,0.900428381811009,0.8798223490646088
hidden_heterogeneity,Zero history,40,43,20888965,1,23,127.0968222752712,0.4845620640453252,0,15.925038403012245,0.9010736568574091,0.879764280191314
hidden_heterogeneity,Zero history,40,44,20889962,1,39,106.58734843095667,0.4921621837066763,0,1.9588003526338662,0.9002181560660139,0.8811176612385713
hidden_heterogeneity,Zero history,40,45,20890959,1,47,163.09701320718563,0.5348545946468333,0,-1.8604395243594762,0.9009193708513668,0.8738361688790458
hidden_heterogeneity,Zero history,40,46,20891956,1,42,167.7351936732383,0.47228418933433214,0,-0.24906284910652587,0.9018008320263795,0.8774293541064629
hidden_heterogeneity,Zero history,40,47,20892953,0,120,184.9360730783216,0.5745589977129839,1732,-130.13265931823173,0.5715700628756838,0.6009588691078288
hidden_heterogeneity,Zero history,40,48,20893950,0,120,169.63266860715106,0.4411405748365549,2357,-118.67130893680557,0.5223380243607697,0.6008732762539611
hidden_heterogeneity,Zero history,40,49,20894947,1,20,165.20025788848852,0.4716611996375357,0,19.901687886888848,0.9001882039970857,0.8776149554738484
hidden_heterogeneity,Real history,100,0,20846874,1,24,272.50234507451,0.5336337321621094,0,10.841085187808181,0.901195139559974,0.8741812105672887
hidden_heterogeneity,Real history,100,1,20847871,1,19,302.92900762168546,0.5974692707148279,0,14.611794327070612,0.9051614978242012,0.8844280539617271
hidden_heterogeneity,Real history,100,2,20848868,1,21,302.63147688222546,0.5467186273923827,0,14.162853797327834,0.9001142506769577,0.8766015196268676
hidden_heterogeneity,Real history,100,3,20849865,1,22,362.0605516716733,0.5638930307689836,0,13.18103821089636,0.9030802274922739,0.8796093164339448
hidden_heterogeneity,Real history,100,4,20850862,1,20,356.3027039498873,0.5633714713755706,0,13.89058032214756,0.9041885657384718,0.8825581075015807
hidden_heterogeneity,Real history,100,5,20851859,1,20,313.3416963024179,0.5600787289962483,0,14.113717356062088,0.9014059336084033,0.8779272167858988
hidden_heterogeneity,Real history,100,6,20852856,1,22,285.9757780857653,0.5107168037556111,0,15.222695438014753,0.9010642227622107,0.8752032586583949
hidden_heterogeneity,Real history,100,7,20853853,1,19,308.47049728790137,0.49702227277825006,0,16.926359458608452,0.9008602630288378,0.8768278464698189
hidden_heterogeneity,Real history,100,8,20854850,1,26,260.68285290895346,0.5133907823636861,0,9.098459804500711,0.9021402547563946,0.8747425395799432
hidden_heterogeneity,Real history,100,9,20855847,1,22,338.6657521021935,0.5476867492907436,0,14.09051749124935,0.9024338313012493,0.8808960064009039
hidden_heterogeneity,Real history,100,10,20856844,1,23,295.1748311567395,0.5519773950353539,0,13.316282093873895,0.901010810525156,0.8732543880882626
hidden_heterogeneity,Real history,100,11,20857841,1,19,268.6127327796749,0.559759089444384,0,15.829078189127321,0.9017057661564684,0.8790618748841414
hidden_heterogeneity,Real history,100,12,20858838,1,19,287.8955389922171,0.5246260450186075,0,16.480130568361595,0.9017690941842573,0.879963556562675
hidden_heterogeneity,Real history,100,13,20859835,1,14,373.1490429049885,0.5419445253253357,0,20.69152549791256,0.9004256519224481,0.8820995912145662
hidden_heterogeneity,Real history,100,14,20860832,1,25,312.43175849015876,0.5770724957698157,0,11.378676153845058,0.9057890187128362,0.872947352333168
hidden_heterogeneity,Real history,100,15,20861829,1,20,260.0148291800228,0.5249365231474883,0,14.507783624381629,0.9005661018983181,0.879584992630014
hidden_heterogeneity,Real history,100,16,20862826,1,20,302.6240377125352,0.5542220526897108,0,14.613634608054266,0.9011559826858568,0.8791803529799016
hidden_heterogeneity,Real history,100,17,20863823,1,19,294.8968232389996,0.5332892821020556,0,15.72466359177132,0.9003649314849156,0.8836753401337347
hidden_heterogeneity,Real history,100,18,20864820,1,20,270.27234645878934,0.47993138650065537,0,15.635400028598562,0.9009100070471597,0.8795705284116118
hidden_heterogeneity,Real history,100,19,20865817,1,18,305.9836747414335,0.5546089491660025,0,17.68524565924581,0.9010663577109332,0.8785222018308988
hidden_heterogeneity,Real history,100,20,20866814,1,15,359.5473349821619,0.5765747548083202,0,18.71396582119251,0.9007912122339543,0.8848300459835201
hidden_heterogeneity,Real history,100,21,20867811,1,15,287.11855651870735,0.5378670155118388,0,19.47036669462878,0.90060879688851,0.879941508698522
hidden_heterogeneity,Real history,100,22,20868808,1,28,311.20616119696996,0.5890598389796651,0,5.942583219931122,0.9004360601554977,0.8739034191418417
hidden_heterogeneity,Real history,100,23,20869805,1,18,296.2723794378422,0.5865341990143025,0,16.796120970920267,0.9035923280622625,0.8819821477976666
hidden_heterogeneity,Real history,100,24,20870802,1,27,313.9515002750054,0.5909630171175466,0,6.799719489465192,0.9033045498427588,0.8756079422299166
hidden_heterogeneity,Real history,100,25,20871799,1,13,274.82553183480854,0.5360498099944329,0,21.078136035654666,0.9010620341233979,0.8863069435842327
hidden_heterogeneity,Real history,100,26,20872796,1,27,284.69693868499763,0.5008560117188015,0,8.80913452547372,0.9007874263680392,0.8737722185581661
hidden_heterogeneity,Real history,100,27,20873793,1,15,293.110291680811,0.5758034136249794,0,20.284940333058152,0.900149397178227,0.8788891117884134
hidden_heterogeneity,Real history,100,28,20874790,1,22,268.3318702636678,0.5439309727197743,0,12.763285425055908,0.901088225945758,0.8745405830174762
hidden_heterogeneity,Real history,100,29,20875787,1,20,263.14378360494095,0.5260789785268605,0,15.891724441448062,0.9014131291523044,0.8742104579796484
hidden_heterogeneity,Real history,100,30,20876784,1,26,190.981851027494,0.6013636317557065,0,8.897143907380052,0.9013537147575643,0.8700092866605114
hidden_heterogeneity,Real history,100,31,20877781,1,22,304.28648862258615,0.5596371937518294,0,13.652996096566223,0.9032203848297962,0.8749658316935405
hidden_heterogeneity,Real history,100,32,20878778,1,19,298.1498147571288,0.5515022384465205,0,16.035833774346507,0.9050797846858618,0.8832978234544304
hidden_heterogeneity,Real history,100,33,20879775,1,22,335.30168720891544,0.5530738095894141,0,12.854509087883578,0.900963168220973,0.8775202139454724
hidden_heterogeneity,Real history,100,34,20880772,1,20,321.40595131856185,0.5449994651728232,0,14.821606924316676,0.9000183634079225,0.877841375687611
hidden_heterogeneity,Real history,100,35,20881769,1,18,252.17253948418752,0.5169648731281067,0,18.334167734452794,0.9046439921615586,0.8831997232674389
hidden_heterogeneity,Real history,100,36,20882766,1,20,296.60941557974286,0.4901530158535867,0,17.58444246994789,0.9008536146171189,0.8747235925426291
hidden_heterogeneity,Real history,100,37,20883763,1,17,400.84379750741937,0.4802365353626261,0,19.22372911746846,0.90139726750559,0.8818983245227586
hidden_heterogeneity,Real history,100,38,20884760,1,20,303.3065707833376,0.5494805963954168,0,14.540895830952834,0.90057425438961,0.8772596063338284
hidden_heterogeneity,Real history,100,39,20885757,1,20,264.188761113327,0.5465253037954452,0,15.933718827102522,0.9016926953917994,0.8766716613324455
hidden_heterogeneity,Real history,100,40,20886754,1,19,347.2730026626133,0.6110796832822469,0,13.11294642771388,0.9034638033220124,0.8883077296410934
hidden_heterogeneity,Real history,100,41,20887751,1,20,324.74992566017266,0.5387826789365808,0,14.633754564739013,0.9024249857958575,0.8794204616149475
hidden_heterogeneity,Real history,100,42,20888748,1,25,294.02027725007946,0.5784903292420653,0,10.035497354231715,0.901349615632541,0.8742594901153804
hidden_heterogeneity,Real history,100,43,20889745,1,17,352.14895496053583,0.5521617768232165,0,18.224718531261043,0.9020823680928961,0.8827160244473726
hidden_heterogeneity,Real history,100,44,20890742,1,19,284.16006724163736,0.5414346849845795,0,16.404830498329208,0.900490716530058,0.8754913949897147
hidden_heterogeneity,Real history,100,45,20891739,1,15,312.9920042739788,0.5556308493639628,0,19.515669214119022,0.903033915147772,0.8850388946342295
hidden_heterogeneity,Real history,100,46,20892736,1,24,316.7455844895683,0.5600807183488974,0,10.935968048517745,0.9004416317020021,0.8728566761404919
hidden_heterogeneity,Real history,100,47,20893733,1,22,261.8216552576476,0.5762156515313146,0,10.914680992246417,0.9032323802933869,0.8788996393540297
hidden_heterogeneity,Real history,100,48,20894730,1,21,314.1462983534775,0.5155336343079591,0,13.431272644172408,0.9026813670494113,0.8796787541058941
hidden_heterogeneity,Real history,100,49,20895727,1,18,378.76145468804765,0.5066105285295646,0,17.66037646965784,0.9021701084558674,0.8823767012777997
hidden_heterogeneity,Zero history,100,0,20846874,0,120,424.2835024644022,0.5493404270178845,5177,-132.8358527107176,0.5054539180127242,0.6202685764556614
hidden_heterogeneity,Zero history,100,1,20847871,1,37,458.6496420857272,0.5684046575367954,0,0.039541615674517416,0.9004259389761816,0.8773880817303082
hidden_heterogeneity,Zero history,100,2,20848868,1,46,442.5261807562817,0.5004040766567142,0,-5.565849521754908,0.9002801590212033,0.8725414927518272
hidden_heterogeneity,Zero history,100,3,20849865,0,120,636.092557374084,0.5984439141076063,5684,-146.1026268346774,0.5226718455487019,0.5592552365629327
hidden_heterogeneity,Zero history,100,4,20850862,1,46,488.70937745631943,0.5575121747076128,0,-4.125881560880304,0.9003594039646738,0.8767166495648062
hidden_heterogeneity,Zero history,100,5,20851859,1,45,446.2833784760911,0.5387760178120815,0,-6.0895263140719855,0.9018896185996045,0.8747003671468684
hidden_heterogeneity,Zero history,100,6,20852856,1,40,390.99907767147556,0.4804892491178352,0,3.723651183036883,0.9005675951029201,0.8723012377098172
hidden_heterogeneity,Zero history,100,7,20853853,0,120,543.6964245724954,0.5143259336989934,5397,-140.70188913402205,0.4945686202524979,0.5584503679192748
hidden_heterogeneity,Zero history,100,8,20854850,1,49,370.977925541578,0.4682469136001717,0,-6.5986393656878,0.9019048852494754,0.8722117100393196
hidden_heterogeneity,Zero history,100,9,20855847,0,120,536.9216954388512,0.5336978467671238,7358,-174.66607458168167,0.38593262414736085,0.4477971726488583
hidden_heterogeneity,Zero history,100,10,20856844,0,120,437.86511396717765,0.5025456350944777,4104,-119.01965248137599,0.5861627087069002,0.6530477723849789
hidden_heterogeneity,Zero history,100,11,20857841,1,41,378.5302087732654,0.5060913681177819,0,0.6959866741495198,0.9012951367926131,0.8752870118524129
hidden_heterogeneity,Zero history,100,12,20858838,1,47,442.7728288316333,0.45861954834336305,0,-5.034448894898558,0.9012495721276338,0.8739115848988167
hidden_heterogeneity,Zero history,100,13,20859835,1,26,518.1622221161831,0.5182845326468792,0,10.965156341692326,0.9005488312780344,0.8819598341679016
hidden_heterogeneity,Zero history,100,14,20860832,1,41,412.5583794769681,0.5365295577164559,0,0.3430578905684971,0.9000776938437225,0.868627157400129
hidden_heterogeneity,Zero history,100,15,20861829,1,42,393.7178043379193,0.4699771826756274,0,-2.98973865559409,0.9006897198183267,0.8763266600711589
hidden_heterogeneity,Zero history,100,16,20862826,0,120,537.4784861289156,0.5570170596322828,6060,-147.40608105984458,0.5336158230920147,0.5828862992238437
hidden_heterogeneity,Zero history,100,17,20863823,0,120,471.55398828333,0.5025863489716518,6350,-155.47422282420303,0.4069294050435159,0.5500682288042356
hidden_heterogeneity,Zero history,100,18,20864820,1,36,388.7845119056836,0.4466351750450168,0,4.036461905065604,0.9005219621588807,0.8786042330420856
hidden_heterogeneity,Zero history,100,19,20865817,1,35,423.1906857228549,0.5024869414294977,0,6.824865726229325,0.9015326008407164,0.877831919209848
hidden_heterogeneity,Zero history,100,20,20866814,1,32,525.7185646789553,0.5305863690848007,0,4.853246778759767,0.9001808733101501,0.8813521839843711
hidden_heterogeneity,Zero history,100,21,20867811,1,40,464.3679138100184,0.5202608532882287,0,-0.8337429608786078,0.9010281818168405,0.8772041503932189
hidden_heterogeneity,Zero history,100,22,20868808,0,120,520.7255368441814,0.5904388097802893,5323,-145.16020649884751,0.5309183496899752,0.5953591258812452
hidden_heterogeneity,Zero history,100,23,20869805,1,34,415.6152514065944,0.5454681529444201,0,5.341482826098538,0.9004688658017723,0.8781330464177619
hidden_heterogeneity,Zero history,100,24,20870802,0,120,470.73502591672013,0.5815505019870104,3380,-121.47602353018587,0.5968528117935591,0.6863604285245996
hidden_heterogeneity,Zero history,100,25,20871799,1,29,431.4989418377323,0.4764480803418285,0,10.074425008407651,0.90173636308161,0.8868583821467415
hidden_heterogeneity,Zero history,100,26,20872796,0,120,452.08219120073704,0.4776305319520129,5247,-139.62587274139048,0.4843450074500696,0.5904673831621087
hidden_heterogeneity,Zero history,100,27,20873793,1,38,433.7613757293915,0.5235140063981709,0,2.5655241223860985,0.9004566555238711,0.8775172246552096
hidden_heterogeneity,Zero history,100,28,20874790,0,120,491.0124386934212,0.5203617862010574,6746,-162.9653991135218,0.46908536527936207,0.43459802588747287
hidden_heterogeneity,Zero history,100,29,20875787,1,38,358.7879458961415,0.49527880776342914,0,2.5376602337617324,0.9002046575108994,0.8712357052724686
hidden_heterogeneity,Zero history,100,30,20876784,0,120,316.9616398606792,0.5245198035555219,2426,-102.1873756801474,0.7263963814827864,0.753710990737169
hidden_heterogeneity,Zero history,100,31,20877781,0,120,548.5520962458315,0.6110881911253478,6293,-154.01253507857666,0.44259997502962456,0.548642394680918
hidden_heterogeneity,Zero history,100,32,20878778,0,120,575.9959390116276,0.5710052115885345,6668,-160.14863947065558,0.45178494338385045,0.46128932856359744
hidden_heterogeneity,Zero history,100,33,20879775,0,120,593.3564875580616,0.5935934214130236,5699,-145.81673564433135,0.48720881063473825,0.5341093871215129
hidden_heterogeneity,Zero history,100,34,20880772,1,49,479.87878370557866,0.5262218172266702,0,-9.719852497793074,0.9001508126243583,0.8736437608458005
hidden_heterogeneity,Zero history,100,35,20881769,1,32,371.2311080878637,0.49327612083568817,0,7.739649933559299,0.9018930787941941,0.88007358563512
hidden_heterogeneity,Zero history,100,36,20882766,1,37,415.1418646353768,0.45771294879943514,0,4.968770412718465,0.901518594112546,0.8731605503618562
hidden_heterogeneity,Zero history,100,37,20883763,1,37,544.9400109769172,0.44267878191373167,1,4.346325497625758,0.9016482535079652,0.8798361033450459
hidden_heterogeneity,Zero history,100,38,20884760,0,120,519.0735123665522,0.5427459835180433,5858,-155.4071406703642,0.39173523803609883,0.5665373774628731
hidden_heterogeneity,Zero history,100,39,20885757,1,46,379.92166784968055,0.5057012630172268,0,-1.466003778230478,0.9016767213920169,0.8733449727652811
hidden_heterogeneity,Zero history,100,40,20886754,0,120,701.0162603316988,0.6606213437495667,6736,-170.6360050537834,0.43071976565651054,0.4415804781877645
hidden_heterogeneity,Zero history,100,41,20887751,0,120,566.3410358095057,0.5569667805183276,5088,-133.46875690769886,0.5554469046508216,0.6260780275751926
hidden_heterogeneity,Zero history,100,42,20888748,0,120,497.0547231605025,0.5939742104872061,5614,-143.2028372834126,0.5126945179776065,0.6008957095240569
hidden_heterogeneity,Zero history,100,43,20889745,0,120,624.2507753646508,0.5644061823107471,5245,-134.84828916355886,0.5559455509563537,0.5859898775184251
hidden_heterogeneity,Zero history,100,44,20890742,1,41,407.8433460297678,0.4980654116929486,0,1.8713460265044768,0.9013902555036154,0.8725878353719286
hidden_heterogeneity,Zero history,100,45,20891739,1,31,442.69293943569704,0.5136523826570227,0,7.605013103422756,0.9010006524542605,0.8815259560284422
hidden_heterogeneity,Zero history,100,46,20892736,0,120,494.5055357299205,0.5354167888720576,3705,-121.53592518209582,0.6290333338547913,0.6787098989610939
hidden_heterogeneity,Zero history,100,47,20893733,1,49,406.2020083144232,0.5292191442278573,0,-11.285734619448041,0.9004005777879913,0.8724282020785191
hidden_heterogeneity,Zero history,100,48,20894730,0,120,648.4110350891626,0.6380701158227113,4446,-129.67483445941946,0.6144504132626832,0.6274038634875014
hidden_heterogeneity,Zero history,100,49,20895727,1,33,496.07904737967067,0.48175164865386755,0,6.714200562411753,0.9007190895053339,0.880140145029818
