scenario,N,method,cases,successes,success_rate,mean_rounds,mean_physical_cost,mean_cumulative_cost_gini,mean_reward,unsafe_member_steps,boundary_clipping_count
iid_control,10,Meta-GDM,20,20,1.0,12.4,29.613537817477322,0.4700272773888421,23.73920278869566,0,0
iid_control,10,Guo2024 direct adaptation,20,20,1.0,17.45,24.613239827430398,0.4789799984301174,17.066296861524833,0,0
iid_control,10,Guo2024 + observed-gain adapter,20,20,1.0,15.75,27.700642385428456,0.46047202490363864,18.25891908744417,0,0
iid_control,10,FZZ2023 endpoint-L1 instantiation,20,20,1.0,23.25,24.258068713840338,0.5505879094524795,10.638046923600362,0,0
iid_control,10,FZZ2023 + observed-gain adapter,20,20,1.0,16.25,27.390461489921915,0.5287677916390418,17.31001881445213,0,0
iid_control,10,RTS2024 restricted adaptation,20,20,1.0,16.05,26.10644220261802,0.5285856430511663,18.270820833607026,0,0
iid_control,10,RTS2024 + observed-gain adapter,20,20,1.0,14.55,29.647995306454412,0.503271363417204,19.321147364641376,0,0
iid_control,40,Meta-GDM,20,20,1.0,16.15,119.0079279217168,0.5163449527201044,21.61200440495139,0,0
iid_control,40,Guo2024 direct adaptation,20,20,1.0,18.4,96.40609689925375,0.5502294582707699,16.211683263304792,0,0
iid_control,40,Guo2024 + observed-gain adapter,20,20,1.0,17.35,109.99722773884052,0.5261587565850181,16.532530310534487,0,0
iid_control,40,FZZ2023 endpoint-L1 instantiation,20,20,1.0,23.6,101.8049755352343,0.5745609686031706,9.671986277247559,0,0
iid_control,40,FZZ2023 + observed-gain adapter,20,20,1.0,18.8,113.5775671144988,0.5496527782697809,14.350768702253609,0,0
iid_control,40,RTS2024 restricted adaptation,20,20,1.0,17.65,108.76834506763002,0.5580104075055645,16.330342352728344,0,0
iid_control,40,RTS2024 + observed-gain adapter,20,20,1.0,16.75,121.13492761381615,0.531272404514809,16.747700531592933,0,0
iid_control,100,Meta-GDM,20,20,1.0,18.8,281.88306759427843,0.5234835372026243,19.566617789915018,0,0
iid_control,100,Guo2024 direct adaptation,20,20,1.0,18.95,238.16027725546468,0.5525787505243097,15.547106673995994,0,0
iid_control,100,Guo2024 + observed-gain adapter,20,20,1.0,17.75,272.479646589943,0.5240473880404137,15.90117095859602,0,0
iid_control,100,FZZ2023 endpoint-L1 instantiation,20,20,1.0,24.75,253.1468774924703,0.5783008061195167,8.163744660641722,0,0
iid_control,100,FZZ2023 + observed-gain adapter,20,20,1.0,20.5,284.59417149086323,0.5537654067548639,12.273368988921922,0,0
iid_control,100,RTS2024 restricted adaptation,20,20,1.0,18.6,269.16036009348056,0.5619113325451914,15.080047571081227,0,0
iid_control,100,RTS2024 + observed-gain adapter,20,20,1.0,17.6,301.0668315094689,0.5369984431399795,15.65601482590256,0,0
hidden_heterogeneity,10,Meta-GDM,20,20,1.0,23.3,28.278535799203475,0.48510270756132157,13.39385594683299,6,0
hidden_heterogeneity,10,Guo2024 direct adaptation,20,12,0.6,61.5,24.791583784433012,0.4753309143025398,-31.892509820606534,0,0
hidden_heterogeneity,10,Guo2024 + observed-gain adapter,20,18,0.9,27.45,63.34684162987439,0.49466044679637855,2.078988421343599,0,0
hidden_heterogeneity,10,FZZ2023 endpoint-L1 instantiation,20,3,0.15,108.85,21.369402118709132,0.5878831618275355,-81.46751947534986,0,0
hidden_heterogeneity,10,FZZ2023 + observed-gain adapter,20,19,0.95,19.0,39.47286760182608,0.5359029114958132,12.623040589418588,0,0
hidden_heterogeneity,10,RTS2024 restricted adaptation,20,12,0.6,61.6,23.284618660977998,0.5679192643825128,-30.9748270278075,0,0
hidden_heterogeneity,10,RTS2024 + observed-gain adapter,20,19,0.95,18.7,48.51397621994578,0.5159569480386881,12.952129586828033,0,0
hidden_heterogeneity,40,Meta-GDM,20,20,1.0,17.55,121.3375245952864,0.5188192132147058,18.061215280404408,0,0
hidden_heterogeneity,40,Guo2024 direct adaptation,20,9,0.45,83.75,101.16117541637672,0.5374292130429752,-57.23184001677581,0,0
hidden_heterogeneity,40,Guo2024 + observed-gain adapter,20,18,0.9,29.9,242.05889669288132,0.5147510094947674,-0.1940494201171207,0,0
hidden_heterogeneity,40,FZZ2023 endpoint-L1 instantiation,20,0,0.0,120.0,103.04692961110882,0.563123198567982,-102.21976191856388,0,0
hidden_heterogeneity,40,FZZ2023 + observed-gain adapter,20,20,1.0,19.0,129.21351985110962,0.5200949395109056,14.051654259534223,0,0
hidden_heterogeneity,40,RTS2024 restricted adaptation,20,7,0.35,91.25,110.59307120820947,0.5470033725631015,-66.61561459331658,0,0
hidden_heterogeneity,40,RTS2024 + observed-gain adapter,20,19,0.95,24.3,232.4116315086667,0.5261629103558277,6.5008944577238434,0,0
hidden_heterogeneity,100,Meta-GDM,20,20,1.0,19.35,298.23124605162855,0.5306184183495966,15.895425061668163,0,0
hidden_heterogeneity,100,Guo2024 direct adaptation,20,3,0.15,108.4,236.89887324031884,0.5567515575410541,-86.80248709829236,0,0
hidden_heterogeneity,100,Guo2024 + observed-gain adapter,20,20,1.0,20.65,382.0007640045686,0.5134247134624873,12.027091966804361,0,0
hidden_heterogeneity,100,FZZ2023 endpoint-L1 instantiation,20,0,0.0,120.0,249.17405048302106,0.5740581456070821,-103.78777358569118,0,0
hidden_heterogeneity,100,FZZ2023 + observed-gain adapter,20,20,1.0,20.9,312.6009957182054,0.5257602829177935,11.741905790593293,0,0
hidden_heterogeneity,100,RTS2024 restricted adaptation,20,3,0.15,109.35,267.141659416633,0.5586595565612651,-88.51729491989528,0,0
hidden_heterogeneity,100,RTS2024 + observed-gain adapter,20,14,0.7,49.8,899.3590537062688,0.5918067989187175,-26.134612618732216,0,0
