Agents,Episode,env_seed,comparison,success_difference,auc_difference,steps_improvement,cost_difference,endpoint_consensus_difference
10,0,20260637,real_minus_zero,0.0,0.008264462809917661,1.0,-3.508800200951555,-0.008787841645956584
10,1,20261634,real_minus_zero,1.0,0.9008264462809916,108.0,-9.464745247075172,-0.028408307657515786
10,2,20262631,real_minus_zero,0.0,0.024793388429752206,3.0,-7.279099776017148,0.00831167419736989
10,3,20263628,real_minus_zero,0.0,0.016528925619834767,2.0,-10.248057403956516,0.005023854236804959
10,4,20264625,real_minus_zero,0.0,0.1322314049586778,16.0,-21.06531102659124,0.007126481658648487
10,5,20265622,real_minus_zero,0.0,0.11570247933884303,14.0,-8.535560500160145,0.004946484216339364
10,6,20266619,real_minus_zero,0.0,0.18181818181818188,22.0,-18.661924362188255,0.007219545302778463
10,7,20267616,real_minus_zero,0.0,-0.008264462809917217,-1.0,-5.434734430655027,0.0021065021144336393
10,8,20268613,real_minus_zero,1.0,0.8925619834710744,107.0,-11.58408034003317,-0.017167538393142334
10,9,20269610,real_minus_zero,0.0,0.07438016528925617,9.0,-4.855609225859212,0.007991655700597233
10,10,20270607,real_minus_zero,0.0,0.09917355371900827,12.0,-4.1011303204362015,-0.0009300654217784254
10,11,20271604,real_minus_zero,1.0,0.8181818181818182,98.0,-7.149435307231059,-0.00903693433612418
10,12,20272601,real_minus_zero,0.0,0.04958677685950397,6.0,-6.9984072859723305,0.0036553707759356957
10,13,20273598,real_minus_zero,0.0,0.03305785123966953,4.0,-3.744039628832688,0.010759869463175975
10,14,20274595,real_minus_zero,0.0,0.08264462809917339,10.0,-8.812773733888669,0.015726549466146378
10,15,20275592,real_minus_zero,0.0,0.09917355371900827,12.0,-5.192912394801748,0.008392850205510505
10,16,20276589,real_minus_zero,1.0,0.9421487603305784,113.0,-17.212383376039725,-0.0020331331500718086
10,17,20277586,real_minus_zero,0.0,0.0,0.0,-2.412969049549602,0.01767641050878921
10,18,20278583,real_minus_zero,0.0,0.0,0.0,-5.385241126193957,0.0074213639859675995
10,19,20279580,real_minus_zero,0.0,0.0330578512396692,4.0,-17.175316950819013,0.029297376797233654
10,20,20280577,real_minus_zero,0.0,0.016528925619834767,2.0,-6.574361427978602,0.02421055082684198
10,21,20281574,real_minus_zero,1.0,0.859504132231405,103.0,-19.24771434904458,-0.002960533925009168
10,22,20282571,real_minus_zero,0.0,0.11570247933884314,14.0,-22.93872109407055,0.004715318042021188
10,23,20283568,real_minus_zero,0.0,0.07438016528925617,9.0,-21.440519781042894,0.002681724936324681
10,24,20284565,real_minus_zero,0.0,0.06611570247933884,8.0,-4.858098349637768,0.004480851870267588
10,25,20285562,real_minus_zero,0.0,0.04958677685950419,6.0,-17.753967221276966,0.008825582981797031
10,26,20286559,real_minus_zero,0.0,0.0,0.0,-6.847228681492698,0.010438388292325462
10,27,20287556,real_minus_zero,0.0,0.008264462809917217,1.0,-0.4857549562886909,0.009272997422781204
10,28,20288553,real_minus_zero,0.0,0.1322314049586777,16.0,-12.081569109118817,0.0039007092171746693
10,29,20289550,real_minus_zero,0.0,0.09090909090909094,11.0,-8.475773383549374,0.012818230027915156
10,30,20290547,real_minus_zero,1.0,0.8842975206611571,106.0,-22.113667301862456,-0.015236216483288656
10,31,20291544,real_minus_zero,0.0,0.008264462809917217,1.0,-5.901011304934009,0.001681470370386462
10,32,20292541,real_minus_zero,0.0,0.28099173553719003,34.0,-13.220883927878536,-0.00022386762373560742
10,33,20293538,real_minus_zero,0.0,0.0,0.0,-1.9277899289522509,4.745066209121962e-05
10,34,20294535,real_minus_zero,1.0,0.7851239669421488,94.0,-6.580852574496344,-0.00774983564958065
10,35,20295532,real_minus_zero,0.0,0.22314049586776852,27.0,-9.854640495997065,0.0029593926870458143
10,36,20296529,real_minus_zero,0.0,0.0,0.0,-2.8548309820757716,-0.001287210396544225
10,37,20297526,real_minus_zero,0.0,0.016528925619834767,2.0,-6.295859409568337,-0.0026042651446516185
10,38,20298523,real_minus_zero,0.0,0.008264462809917661,1.0,1.5836281749947485,0.028359407230094225
10,39,20299520,real_minus_zero,0.0,0.19834710743801653,24.0,-8.085201021402934,0.0012752178052166663
10,40,20300517,real_minus_zero,0.0,0.23966942148760317,29.0,-14.463152996868505,0.0025115725096536146
10,41,20301514,real_minus_zero,0.0,0.2148760330578512,26.0,-10.687156673801926,0.010559193231875597
10,42,20302511,real_minus_zero,0.0,0.22314049586776852,27.0,-10.952959812964373,0.008087938650958026
10,43,20303508,real_minus_zero,0.0,0.3223140495867768,39.0,-8.227301448111188,0.001943840307716771
10,44,20304505,real_minus_zero,0.0,0.0,0.0,-4.193440770328593,-0.008730531109589101
10,45,20305502,real_minus_zero,0.0,0.0,0.0,-4.223888857152062,-0.00748438305722221
10,46,20306499,real_minus_zero,1.0,0.9586776859504132,115.0,-22.513528109359168,-0.006029973823616808
10,47,20307496,real_minus_zero,1.0,0.9338842975206612,112.0,-6.493360612280464,-0.00447330963882997
10,48,20308493,real_minus_zero,0.0,0.23966942148760328,29.0,-8.807124155969916,-0.0006491360902033394
10,49,20309490,real_minus_zero,1.0,0.9008264462809916,108.0,-22.279039888158394,-0.005646379116702849
40,0,20261027,real_minus_zero,1.0,0.8760330578512396,105.0,-49.1936463018171,-0.016270085125137834
40,1,20262024,real_minus_zero,0.0,0.14876033057851246,18.0,-46.684212403406065,0.00795496288095765
40,2,20263021,real_minus_zero,1.0,0.8512396694214877,102.0,-47.16428331498001,-0.013513194988171273
40,3,20264018,real_minus_zero,1.0,0.9008264462809916,108.0,-50.224327344412515,-0.019255854986049648
40,4,20265015,real_minus_zero,1.0,0.8181818181818182,98.0,-41.02443379610909,-0.009208970581855769
40,5,20266012,real_minus_zero,1.0,0.8842975206611571,106.0,-48.88858626796997,-0.015203103185463807
40,6,20267009,real_minus_zero,1.0,0.8512396694214877,102.0,-37.01136916680849,-0.024282451292597984
40,7,20268006,real_minus_zero,0.0,0.1652892561983471,20.0,-45.30499415418157,-0.0008080062692635837
40,8,20269003,real_minus_zero,0.0,0.05785123966942152,7.0,-31.0223294022054,0.0034943582909011672
40,9,20270000,real_minus_zero,1.0,0.8181818181818182,98.0,-46.70543599266735,-0.014068779023590383
40,10,20270997,real_minus_zero,1.0,0.8925619834710744,107.0,-54.22694862663512,-0.022529758970190827
40,11,20271994,real_minus_zero,1.0,0.5041322314049587,60.0,-13.79874532270452,-0.004342426777503294
40,12,20272991,real_minus_zero,1.0,0.8925619834710744,107.0,-53.00704189140592,-0.01028776040652446
40,13,20273988,real_minus_zero,0.0,0.12396694214876036,15.0,-35.08991536743926,0.0020447702777124377
40,14,20274985,real_minus_zero,1.0,0.8347107438016529,100.0,-37.6778755431891,-0.019244548403456796
40,15,20275982,real_minus_zero,0.0,0.1900826446280991,23.0,-43.84584123058636,0.006029837300419505
40,16,20276979,real_minus_zero,1.0,0.8016528925619835,96.0,-46.3384314208065,-0.011139615416486226
40,17,20277976,real_minus_zero,0.0,0.016528925619834656,2.0,-24.178232522559185,0.00020419667555604537
40,18,20278973,real_minus_zero,1.0,0.768595041322314,92.0,-44.240184557975525,-0.015225864311765425
40,19,20279970,real_minus_zero,0.0,0.2727272727272728,33.0,-51.22974786658793,0.0060185187497695525
40,20,20280967,real_minus_zero,0.0,0.20661157024793397,25.0,-36.99558755352771,0.0012541786514299602
40,21,20281964,real_minus_zero,1.0,0.8264462809917356,99.0,-45.864531632777755,-0.008371309622864809
40,22,20282961,real_minus_zero,1.0,0.8512396694214877,102.0,-54.89935803841148,-0.01294186928459129
40,23,20283958,real_minus_zero,1.0,0.8842975206611571,106.0,-58.984686043731855,-0.014211156485708365
40,24,20284955,real_minus_zero,1.0,0.8512396694214877,102.0,-52.844378847842904,-0.013158519885599462
40,25,20285952,real_minus_zero,1.0,0.7768595041322314,93.0,-34.072837972308676,-0.011755842764854751
40,26,20286949,real_minus_zero,0.0,0.1074380165289256,13.0,-50.002493454197776,0.0039020471301066673
40,27,20287946,real_minus_zero,1.0,0.8760330578512396,105.0,-53.78362626734618,-0.013053863572522362
40,28,20288943,real_minus_zero,0.0,0.14876033057851235,18.0,-53.34065294044828,0.002546330750044623
40,29,20289940,real_minus_zero,0.0,0.14876033057851235,18.0,-33.0538914841114,0.0034713486327656584
40,30,20290937,real_minus_zero,0.0,0.14049586776859502,17.0,-42.389195519805725,-0.0007199156548918229
40,31,20291934,real_minus_zero,1.0,0.8181818181818182,98.0,-52.02842724929681,-0.009344805478016749
40,32,20292931,real_minus_zero,1.0,0.8347107438016529,100.0,-50.22308697409814,-0.011339707075260441
40,33,20293928,real_minus_zero,1.0,0.8512396694214877,102.0,-34.658024413186936,-0.021067938050887025
40,34,20294925,real_minus_zero,0.0,0.14876033057851246,18.0,-40.23366541314924,0.003550827691659042
40,35,20295922,real_minus_zero,1.0,0.8925619834710744,107.0,-71.66682854001915,-0.010206644522252062
40,36,20296919,real_minus_zero,0.0,0.03305785123966942,4.0,-15.684436857539907,0.0027427638006516375
40,37,20297916,real_minus_zero,1.0,0.6363636363636364,76.0,-17.98579182782035,-0.008533871508064728
40,38,20298913,real_minus_zero,1.0,0.8677685950413223,104.0,-48.07851543797075,-0.02316073176719402
40,39,20299910,real_minus_zero,0.0,0.08264462809917361,10.0,-46.73122211479243,0.0022976224487077923
40,40,20300907,real_minus_zero,1.0,0.8512396694214877,102.0,-44.605534947947675,-0.023039444668317977
40,41,20301904,real_minus_zero,0.0,0.1074380165289256,13.0,-33.50416151601219,-0.0002756622974340317
40,42,20302901,real_minus_zero,1.0,0.859504132231405,103.0,-55.19875906738298,-0.01315966792610379
40,43,20303898,real_minus_zero,1.0,0.9090909090909092,109.0,-64.27154381896473,-0.014768551159625831
40,44,20304895,real_minus_zero,1.0,0.8264462809917356,99.0,-37.63248827471304,-0.0203236135750835
40,45,20305892,real_minus_zero,1.0,0.2644628099173554,31.0,-31.15688253306152,0.0007563348489257882
40,46,20306889,real_minus_zero,0.0,0.14876033057851246,18.0,-29.459183921548544,0.001457708164408822
40,47,20307886,real_minus_zero,0.0,0.18181818181818177,22.0,-46.281419282703695,0.0005502299890149942
40,48,20308883,real_minus_zero,1.0,0.859504132231405,103.0,-57.64477731813156,-0.013969757541386185
40,49,20309880,real_minus_zero,1.0,0.8347107438016529,100.0,-51.34074900327715,-0.014932254861299787
100,0,20261807,real_minus_zero,1.0,0.8099173553719008,97.0,-120.69992679941839,-0.016033258815145834
100,1,20262804,real_minus_zero,0.0,0.165289256198347,20.0,-100.15532821750861,0.0012613775922294401
100,2,20263801,real_minus_zero,1.0,0.8512396694214877,102.0,-152.6485408827739,-0.015824116560121393
100,3,20264798,real_minus_zero,1.0,0.8347107438016529,100.0,-136.57087515812185,-0.015419780953402684
100,4,20265795,real_minus_zero,0.0,0.14876033057851235,18.0,-81.14570084320235,-0.00015681821254676098
100,5,20266792,real_minus_zero,1.0,0.8512396694214877,102.0,-135.16508222048475,-0.012077315831737656
100,6,20267789,real_minus_zero,0.0,0.14049586776859513,17.0,-99.9365873982108,0.0024440737818534064
100,7,20268786,real_minus_zero,1.0,0.859504132231405,103.0,-122.0569149683555,-0.017260773917170846
100,8,20269783,real_minus_zero,1.0,0.8099173553719008,97.0,-90.00401549716725,-0.016671114859961755
100,9,20270780,real_minus_zero,1.0,0.8347107438016529,100.0,-107.5846430942309,-0.010901991021807
100,10,20271777,real_minus_zero,1.0,0.8347107438016529,100.0,-110.21589903836582,-0.01786023230519873
100,11,20272774,real_minus_zero,1.0,0.8429752066115702,101.0,-108.47329802033198,-0.012750466452071119
100,12,20273771,real_minus_zero,1.0,0.8181818181818182,98.0,-111.70699230751183,-0.017670105081680765
100,13,20274768,real_minus_zero,1.0,0.8264462809917356,99.0,-117.78559915219202,-0.010238297366124138
100,14,20275765,real_minus_zero,1.0,0.8264462809917356,99.0,-121.53149834062737,-0.01382667957618422
100,15,20276762,real_minus_zero,1.0,0.8264462809917356,99.0,-98.49100296278192,-0.014871864867863405
100,16,20277759,real_minus_zero,1.0,0.8429752066115702,101.0,-98.27275921079308,-0.018935307728131012
100,17,20278756,real_minus_zero,1.0,0.7933884297520661,95.0,-109.78475619647213,-0.009438712170873997
100,18,20279753,real_minus_zero,1.0,0.8264462809917356,99.0,-121.46845678917691,-0.010797448937703513
100,19,20280750,real_minus_zero,1.0,0.8429752066115702,101.0,-129.09977765010848,-0.013484389512322337
100,20,20281747,real_minus_zero,0.0,0.14876033057851246,18.0,-92.90812479716203,0.0018779521518594855
100,21,20282744,real_minus_zero,1.0,0.859504132231405,103.0,-151.14867650125643,-0.013481143426732789
100,22,20283741,real_minus_zero,1.0,0.8181818181818182,98.0,-103.08938417502807,-0.01456128871512985
100,23,20284738,real_minus_zero,1.0,0.8429752066115702,101.0,-142.30709758339333,-0.01150832355669218
100,24,20285735,real_minus_zero,0.0,0.1322314049586777,16.0,-122.15550735690084,0.0007163518515285183
100,25,20286732,real_minus_zero,1.0,0.859504132231405,103.0,-116.64978186078349,-0.012962881217037037
100,26,20287729,real_minus_zero,1.0,0.8512396694214877,102.0,-121.35198442179598,-0.017284624347206123
100,27,20288726,real_minus_zero,1.0,0.8347107438016529,100.0,-120.66983183970387,-0.013171996785188433
100,28,20289723,real_minus_zero,1.0,0.8347107438016529,100.0,-108.25468323090519,-0.010514859504865859
100,29,20290720,real_minus_zero,1.0,0.8181818181818182,98.0,-115.08955464385872,-0.014592318955587769
100,30,20291717,real_minus_zero,0.0,0.12396694214876036,15.0,-94.9033309432852,0.0015418454502642565
100,31,20292714,real_minus_zero,1.0,0.8760330578512396,105.0,-162.20099453072538,-0.012066945194314505
100,32,20293711,real_minus_zero,1.0,0.8512396694214877,102.0,-126.77735828121627,-0.012878787952164794
100,33,20294708,real_minus_zero,1.0,0.8429752066115702,101.0,-101.75214317364714,-0.015385579806837635
100,34,20295705,real_minus_zero,1.0,0.859504132231405,103.0,-106.80693345600633,-0.014717994669880996
100,35,20296702,real_minus_zero,1.0,0.8347107438016529,100.0,-96.82219311764186,-0.017968715874218333
100,36,20297699,real_minus_zero,1.0,0.8925619834710744,107.0,-193.70785413716663,-0.011231139239187948
100,37,20298696,real_minus_zero,1.0,0.8347107438016529,100.0,-116.71762189262705,-0.01341202556885357
100,38,20299693,real_minus_zero,1.0,0.8181818181818182,98.0,-101.80405038548014,-0.01714307108497337
100,39,20300690,real_minus_zero,1.0,0.8512396694214877,102.0,-120.02632580117103,-0.015605392451836786
100,40,20301687,real_minus_zero,1.0,0.8677685950413223,104.0,-132.2670992673601,-0.01307769423106342
100,41,20302684,real_minus_zero,1.0,0.8181818181818182,98.0,-96.66234311275974,-0.01586724262263539
100,42,20303681,real_minus_zero,1.0,0.8760330578512396,105.0,-166.24893824130925,-0.010223479729550955
100,43,20304678,real_minus_zero,1.0,0.8181818181818182,98.0,-118.38676749626359,-0.00817762046421644
100,44,20305675,real_minus_zero,1.0,0.8264462809917356,99.0,-109.11130420513831,-0.011184429480458946
100,45,20306672,real_minus_zero,1.0,0.8016528925619835,96.0,-102.61817832425785,-0.01829118714227307
100,46,20307669,real_minus_zero,1.0,0.7933884297520661,95.0,-108.4731014794892,-0.007357304661738784
100,47,20308666,real_minus_zero,1.0,0.8760330578512396,105.0,-143.24130623469551,-0.021463234266604014
100,48,20309663,real_minus_zero,1.0,0.8429752066115702,101.0,-114.90389841809633,-0.011274139878941658
100,49,20310660,real_minus_zero,1.0,0.8842975206611571,106.0,-130.17938768961113,-0.015115813167195125
10,0,20260637,real_minus_shuffled,0.0,0.0,0.0,0.4129187323613266,-0.005528604240221058
10,1,20261634,real_minus_shuffled,0.0,0.165289256198347,20.0,-5.316914371007478,0.0018174116036513421
10,2,20262631,real_minus_shuffled,0.0,0.0,0.0,0.10514485636867477,0.006193084439298446
10,3,20263628,real_minus_shuffled,0.0,0.008264462809917328,1.0,-1.0050679384097592,-0.004051556636810227
10,4,20264625,real_minus_shuffled,0.0,0.0,0.0,-0.14204551386478315,0.002899397600283793
10,5,20265622,real_minus_shuffled,0.0,0.0,0.0,-1.0807069858551586,0.0012274545119448366
10,6,20266619,real_minus_shuffled,0.0,0.0,0.0,-0.8043068075492528,0.0031851384016222672
10,7,20267616,real_minus_shuffled,0.0,0.0,0.0,-1.17425865908708,-0.0024666273772281366
10,8,20268613,real_minus_shuffled,0.0,0.1074380165289256,13.0,-1.9110054068757183,0.00298469933443557
10,9,20269610,real_minus_shuffled,0.0,0.008264462809917217,1.0,-1.556484321287261,0.007778322422385298
10,10,20270607,real_minus_shuffled,0.0,0.04132231404958675,5.0,0.5611555801413104,-0.0024110547940859872
10,11,20271604,real_minus_shuffled,0.0,0.07438016528925628,9.0,-1.5994533969078404,0.0002494596924875747
10,12,20272601,real_minus_shuffled,0.0,0.016528925619834545,2.0,-2.4533424505006387,-0.001616424508397607
10,13,20273598,real_minus_shuffled,0.0,0.0,0.0,0.7346759394712912,0.004580355833220029
10,14,20274595,real_minus_shuffled,0.0,0.0,0.0,-0.6251217630603634,0.0026178953795203963
10,15,20275592,real_minus_shuffled,0.0,0.0,0.0,-2.491365460215736,0.0024075212364892407
10,16,20276589,real_minus_shuffled,0.0,0.0,0.0,0.2620925866340684,-7.505675540520063e-05
10,17,20277586,real_minus_shuffled,0.0,-0.008264462809917439,-1.0,0.09419704980012256,0.018690111788198682
10,18,20278583,real_minus_shuffled,0.0,0.008264462809917217,1.0,0.7453750481824812,-0.0004709404549507745
10,19,20279580,real_minus_shuffled,0.0,0.0,0.0,-0.30868020474308366,0.004898003328797862
10,20,20280577,real_minus_shuffled,0.0,0.0,0.0,2.5808256553601794,0.00981276625244032
10,21,20281574,real_minus_shuffled,0.0,0.04132231404958675,5.0,-3.9047861785459546,1.7737192365196996e-05
10,22,20282571,real_minus_shuffled,0.0,0.0,0.0,0.05389285762701235,0.000669995040069038
10,23,20283568,real_minus_shuffled,0.0,0.0,0.0,-1.0500060460829204,0.0014768162086692405
10,24,20284565,real_minus_shuffled,0.0,0.008264462809917328,1.0,-1.3459940129190038,0.006432630992367239
10,25,20285562,real_minus_shuffled,0.0,0.0,0.0,0.3236528913203607,0.006858305388137809
10,26,20286559,real_minus_shuffled,0.0,0.0,0.0,0.6415070154740192,0.006884864388828071
10,27,20287556,real_minus_shuffled,0.0,0.0,0.0,-0.23322333127422823,0.0019269737075128246
10,28,20288553,real_minus_shuffled,0.0,0.008264462809917439,1.0,-1.5983860361023332,0.00025159150357279003
10,29,20289550,real_minus_shuffled,0.0,0.008264462809917328,1.0,1.7457375759268245,0.0032221908071872196
10,30,20290547,real_minus_shuffled,0.0,0.1322314049586777,16.0,-7.959240842342332,-0.0005752163203956995
10,31,20291544,real_minus_shuffled,0.0,0.0,0.0,0.3795409132454495,0.0013240576251120073
10,32,20292541,real_minus_shuffled,0.0,0.04132231404958675,5.0,-1.5692801369715212,-0.0012567027614760473
10,33,20293538,real_minus_shuffled,0.0,0.0,0.0,0.7892226440050223,0.0006389819600861602
10,34,20294535,real_minus_shuffled,0.0,0.07438016528925628,9.0,-1.4186206845264664,0.0005056386016345504
10,35,20295532,real_minus_shuffled,0.0,0.0,0.0,-0.2632041040334734,0.00026848462960515906
10,36,20296529,real_minus_shuffled,0.0,0.0,0.0,-1.608793288360399,0.003185403559640698
10,37,20297526,real_minus_shuffled,0.0,0.008264462809917217,1.0,0.07331306926008807,-0.013171577636793774
10,38,20298523,real_minus_shuffled,0.0,0.0,0.0,-0.26451382892012987,0.0003728344279460005
10,39,20299520,real_minus_shuffled,0.0,0.016528925619834656,2.0,-1.8733382858856054,-0.0018236335781544044
10,40,20300517,real_minus_shuffled,0.0,0.016528925619834545,2.0,-2.4029540569587304,-0.0027170383576503587
10,41,20301514,real_minus_shuffled,0.0,0.0,0.0,-0.6845023089925206,0.0027855325364283257
10,42,20302511,real_minus_shuffled,0.0,0.016528925619834767,2.0,-1.3449572301893795,0.007335541019004244
10,43,20303508,real_minus_shuffled,0.0,0.0826446280991735,10.0,2.5921954425230247,0.002928360309706002
10,44,20304505,real_minus_shuffled,0.0,0.008264462809917217,1.0,-0.26905774880188105,-0.019385887188063777
10,45,20305502,real_minus_shuffled,0.0,0.008264462809917217,1.0,0.03614731124470438,-0.005970072242279412
10,46,20306499,real_minus_shuffled,0.0,0.008264462809917217,1.0,0.317258385699553,-0.0017256775426708337
10,47,20307496,real_minus_shuffled,0.0,0.0,0.0,0.9814419631267945,0.00071659326754836
10,48,20308493,real_minus_shuffled,0.0,0.04132231404958675,5.0,-2.1178220539558197,0.0007150208687533022
10,49,20309490,real_minus_shuffled,0.0,0.08264462809917339,10.0,-5.5692547957652465,0.0017383130408340497
40,0,20261027,real_minus_shuffled,0.0,0.016528925619834656,2.0,-7.985656965342713,0.0010795385705482108
40,1,20262024,real_minus_shuffled,0.0,-0.008264462809917328,-1.0,2.916977209048582,0.007781022773191815
40,2,20263021,real_minus_shuffled,0.0,0.22314049586776863,27.0,-20.98111394040876,0.001912738392712332
40,3,20264018,real_minus_shuffled,0.0,0.12396694214876025,15.0,-23.160498026089115,0.00592290836144882
40,4,20265015,real_minus_shuffled,0.0,0.24793388429752072,30.0,-30.875305439160172,-0.0002089829865035142
40,5,20266012,real_minus_shuffled,0.0,0.04958677685950419,6.0,-11.062332704237036,0.0038761013502180974
40,6,20267009,real_minus_shuffled,0.0,0.12396694214876036,15.0,-14.273842106274373,-0.0009199496235945404
40,7,20268006,real_minus_shuffled,0.0,0.024793388429752095,3.0,-10.117792171694418,0.0004195340240283896
40,8,20269003,real_minus_shuffled,0.0,0.0,0.0,-3.7125335133318202,0.00072241944287188
40,9,20270000,real_minus_shuffled,0.0,0.06611570247933884,8.0,-12.59045988150146,0.0009850222729014257
40,10,20270997,real_minus_shuffled,0.0,0.08264462809917361,10.0,-17.06907741753959,0.00030659531840493415
40,11,20271994,real_minus_shuffled,0.0,0.2975206611570248,36.0,-15.288976161325962,-0.0035213515308935017
40,12,20272991,real_minus_shuffled,0.0,0.008264462809917328,1.0,-5.0068820584080385,0.0020500958697297067
40,13,20273988,real_minus_shuffled,0.0,0.008264462809917328,1.0,-4.28125792562507,-8.186694883538514e-05
40,14,20274985,real_minus_shuffled,0.0,0.05785123966942152,7.0,-5.011939267744111,-0.00035559975539811717
40,15,20275982,real_minus_shuffled,0.0,0.0,0.0,-2.8470122863429026,0.001583762206659789
40,16,20276979,real_minus_shuffled,0.0,0.04958677685950408,6.0,-9.86800220993598,0.000640224917525023
40,17,20277976,real_minus_shuffled,0.0,0.0,0.0,-3.034628683600687,0.00031966922494697236
40,18,20278973,real_minus_shuffled,0.0,0.11570247933884292,14.0,-16.450918753710894,0.002421778148052778
40,19,20279970,real_minus_shuffled,0.0,0.024793388429752095,3.0,-3.7936413113209397,0.00625876927846325
40,20,20280967,real_minus_shuffled,0.0,0.09917355371900827,12.0,-10.98091597616154,0.0002603360095237983
40,21,20281964,real_minus_shuffled,0.0,0.1322314049586777,16.0,-23.935548038983825,0.0002890944568220144
40,22,20282961,real_minus_shuffled,0.0,0.024793388429752095,3.0,-14.93400362836556,0.003925472899126703
40,23,20283958,real_minus_shuffled,0.0,0.05785123966942152,7.0,-11.317510129537325,0.0018555622271843042
40,24,20284955,real_minus_shuffled,0.0,0.04958677685950419,6.0,-13.157279502112345,0.0022553509602626365
40,25,20285952,real_minus_shuffled,0.0,0.14049586776859502,17.0,-8.406128901935915,0.0004083695667927989
40,26,20286949,real_minus_shuffled,0.0,0.008264462809917328,1.0,0.3853708902889821,0.0026314723862848055
40,27,20287946,real_minus_shuffled,0.0,0.057851239669421406,7.0,-15.151688325386758,0.002494237425437862
40,28,20288943,real_minus_shuffled,0.0,0.0,0.0,0.5850362450861013,-0.0009692139864215799
40,29,20289940,real_minus_shuffled,0.0,0.0,0.0,-2.221786990028491,0.004069423657410032
40,30,20290937,real_minus_shuffled,0.0,0.03305785123966931,4.0,-4.903091839691072,-0.0012593734608533635
40,31,20291934,real_minus_shuffled,0.0,0.12396694214876036,15.0,-12.870029574338801,0.0007880533238754373
40,32,20292931,real_minus_shuffled,0.0,0.04958677685950408,6.0,-11.866999278497062,0.0008393735760193755
40,33,20293928,real_minus_shuffled,0.0,0.1652892561983471,20.0,-17.590028732459544,0.00016724838856929658
40,34,20294925,real_minus_shuffled,0.0,0.024793388429752095,3.0,-2.4163397178745356,0.002282583963572171
40,35,20295922,real_minus_shuffled,0.0,0.1322314049586777,16.0,-31.702385929887882,0.0013276024077925053
40,36,20296919,real_minus_shuffled,0.0,0.0,0.0,-2.0795438997776756,0.0008484052159826172
40,37,20297916,real_minus_shuffled,0.0,0.4297520661157025,52.0,-17.837512543149217,-0.00647436920319433
40,38,20298913,real_minus_shuffled,0.0,0.1074380165289256,13.0,-13.05943368914312,0.0003170980972855286
40,39,20299910,real_minus_shuffled,0.0,0.00826446280991755,1.0,-6.30504132411825,0.001890665812953829
40,40,20300907,real_minus_shuffled,0.0,0.03305785123966942,4.0,-11.18986387100405,0.003905895510064372
40,41,20301904,real_minus_shuffled,0.0,0.008264462809917328,1.0,-5.655014040345577,-0.0037040023053755977
40,42,20302901,real_minus_shuffled,0.0,0.09090909090909094,11.0,-4.20728191943337,0.0013438108658191394
40,43,20303898,real_minus_shuffled,0.0,0.0,0.0,-3.657024876700717,0.0022854543203981725
40,44,20304895,real_minus_shuffled,0.0,0.12396694214876036,15.0,-18.17209565995853,-0.00011703255455031147
40,45,20305892,real_minus_shuffled,0.0,-0.371900826446281,-45.0,-17.576851057382726,0.0029740652288707814
40,46,20306889,real_minus_shuffled,0.0,0.016528925619834767,2.0,-5.037360697504283,0.001272135382648365
40,47,20307886,real_minus_shuffled,0.0,0.016528925619834656,2.0,-5.959433347647916,6.562088169426161e-05
40,48,20308883,real_minus_shuffled,0.0,0.024793388429752095,3.0,-10.49379030298428,0.0008399054463070765
40,49,20309880,real_minus_shuffled,0.0,0.04132231404958675,5.0,-5.122136323216523,0.0014007465519133566
100,0,20261807,real_minus_shuffled,0.0,0.024793388429751984,3.0,-20.54380997132739,-0.00022513673940149914
100,1,20262804,real_minus_shuffled,0.0,0.024793388429751984,3.0,-12.686274831312886,0.0005383984013241916
100,2,20263801,real_minus_shuffled,0.0,0.008264462809917439,1.0,-17.382918990011376,-0.0004988877404558112
100,3,20264798,real_minus_shuffled,0.0,0.016528925619834656,2.0,-24.209512334849705,0.0004058417639245526
100,4,20265795,real_minus_shuffled,0.0,0.024793388429752095,3.0,-15.818273676280114,-0.0012246565471509818
100,5,20266792,real_minus_shuffled,0.0,0.14876033057851246,18.0,-65.80826172692252,9.776403203398676e-05
100,6,20267789,real_minus_shuffled,0.0,0.0,0.0,-13.344700587134469,0.0028508432784114524
100,7,20268786,real_minus_shuffled,0.0,0.03305785123966942,4.0,-18.581081417711346,0.0002153241770096459
100,8,20269783,real_minus_shuffled,0.0,0.06611570247933884,8.0,-36.26871951774814,0.0003446035445018314
100,9,20270780,real_minus_shuffled,0.0,0.20661157024793386,25.0,-64.20323525664037,0.000471072892061164
100,10,20271777,real_minus_shuffled,0.0,0.04958677685950408,6.0,-20.633918424112267,0.0016030284002793715
100,11,20272774,real_minus_shuffled,0.0,0.1322314049586777,16.0,-41.19220520727214,0.0009059329164161634
100,12,20273771,real_minus_shuffled,0.0,0.06611570247933884,8.0,-38.806015685535385,-0.00021141355112708204
100,13,20274768,real_minus_shuffled,0.0,0.09090909090909094,11.0,-34.52465974440909,-0.0002696968894635443
100,14,20275765,real_minus_shuffled,0.0,0.08264462809917361,10.0,-38.84307533455376,0.001958820305851927
100,15,20276762,real_minus_shuffled,0.0,0.1900826446280992,23.0,-60.33859400562352,0.001294221591617295
100,16,20277759,real_minus_shuffled,0.0,0.04958677685950408,6.0,-40.620065476619175,0.0011129026181103674
100,17,20278756,real_minus_shuffled,0.0,0.09917355371900827,12.0,-45.073693030339314,0.0003675980234389975
100,18,20279753,real_minus_shuffled,0.0,0.05785123966942152,7.0,-28.37448009596403,0.0015602905802435396
100,19,20280750,real_minus_shuffled,0.0,0.09090909090909083,11.0,-38.41165699796693,0.0008179560961640853
100,20,20281747,real_minus_shuffled,0.0,0.008264462809917328,1.0,-14.852212821214039,0.0006441884465097081
100,21,20282744,real_minus_shuffled,0.0,0.09090909090909094,11.0,-37.69436764003257,0.0015666871911046432
100,22,20283741,real_minus_shuffled,0.0,0.08264462809917361,10.0,-33.79618918913198,0.0007097839961383023
100,23,20284738,real_minus_shuffled,0.0,0.008264462809917328,1.0,-12.940751221715061,0.0008806452340331949
100,24,20285735,real_minus_shuffled,0.0,0.016528925619834656,2.0,-16.471495235480802,-9.628120681581809e-05
100,25,20286732,real_minus_shuffled,0.0,0.08264462809917361,10.0,-38.11073057216248,0.00024467669789884905
100,26,20287729,real_minus_shuffled,0.0,0.024793388429752095,3.0,-18.09363325152657,-0.001092225581943329
100,27,20288726,real_minus_shuffled,0.0,0.06611570247933884,8.0,-30.2473738970171,0.002754962866856281
100,28,20289723,real_minus_shuffled,0.0,0.05785123966942152,7.0,-28.416252638788364,0.0006909486155082245
100,29,20290720,real_minus_shuffled,0.0,0.20661157024793397,25.0,-66.89937976247222,0.0002949453863392293
100,30,20291717,real_minus_shuffled,0.0,0.016528925619834767,2.0,-26.184113428222304,0.0004835592016622092
100,31,20292714,real_minus_shuffled,0.0,0.016528925619834656,2.0,-23.487737616425306,-0.0006725476824085419
100,32,20293711,real_minus_shuffled,0.0,0.04132231404958686,5.0,-16.549950062469918,0.0031137882804772588
100,33,20294708,real_minus_shuffled,0.0,0.17355371900826444,21.0,-44.52792729001078,-0.0003418298815148768
100,34,20295705,real_minus_shuffled,0.0,0.1074380165289256,13.0,-36.138088437745694,4.87327650823266e-05
100,35,20296702,real_minus_shuffled,0.0,0.14876033057851235,18.0,-59.70474226636372,0.0002217634531214152
100,36,20297699,real_minus_shuffled,0.0,0.0,0.0,-3.8903608868200195,0.0012994366262962798
100,37,20298696,real_minus_shuffled,0.0,0.024793388429752095,3.0,-27.82457100243306,0.0015149683961853677
100,38,20299693,real_minus_shuffled,0.0,0.15702479338842978,19.0,-30.72602516690216,0.000598458939712776
100,39,20300690,real_minus_shuffled,0.0,0.09090909090909094,11.0,-24.185067720011205,0.0006600391036860609
100,40,20301687,real_minus_shuffled,0.0,0.15702479338842978,19.0,-56.4461716569312,0.0006109616879413915
100,41,20302684,real_minus_shuffled,0.0,0.06611570247933884,8.0,-35.22991941079539,0.0015677242771370281
100,42,20303681,real_minus_shuffled,0.0,0.016528925619834656,2.0,-8.783944595657488,0.0035045638076134367
100,43,20304678,real_minus_shuffled,0.0,0.15702479338842978,19.0,-81.18650324141038,0.00042651501739909836
100,44,20305675,real_minus_shuffled,0.0,0.11570247933884303,14.0,-48.25502543607183,0.0017935609809867081
100,45,20306672,real_minus_shuffled,0.0,0.14876033057851235,18.0,-45.107009932772,-0.0003603438426492689
100,46,20307669,real_minus_shuffled,0.0,0.22314049586776863,27.0,-71.88509135795132,7.214414270650948e-05
100,47,20308666,real_minus_shuffled,0.0,0.016528925619834656,2.0,-19.81470982962668,-0.000375941888815845
100,48,20309663,real_minus_shuffled,0.0,0.18181818181818177,22.0,-60.97257819936539,0.0007794243225396347
100,49,20310660,real_minus_shuffled,0.0,0.1074380165289257,13.0,-44.48826638306997,0.004041730216307271
