width_regime,history_mode,Agents,Success_mean,Success_sum,Success_AUC_mean,Steps_mean,Total_Cost_mean,Total_Reward_mean,Final_Environment_Consensus_mean,Final_center_consensus_mean,Final_width_consensus_mean,Final_lower_endpoint_consensus_mean,Final_upper_endpoint_consensus_mean,Final_endpoint_consensus_mean,Final_common_overlap_ratio_mean,Final_mean_pairwise_hausdorff_mean,Final_max_pairwise_hausdorff_mean,Initial_width_ceiling_reaches_threshold_mean,mean_hausdorff_distortion_mean,mean_center_shift_mean,mean_half_width_shift_mean,translation_identity_max_error_max
crisp_limit,real,10,1.0,50,0.9034710743801654,11.68,31.090820398768994,26.185630335854675,0.9209903131204037,0.9209903131204037,1.0,0.9209903131204037,0.9209903131204037,0.9209903131204037,0.0,0.01613861364755997,0.06544107614458557,1.0,0.19194537632544567,0.19194537632544567,0.0,0.0
crisp_limit,real,40,1.0,50,0.8715702479338843,15.54,124.65055678485987,23.11365227308405,0.909217201331183,0.909217201331183,1.0,0.909217201331183,0.909217201331183,0.909217201331183,0.0,0.013592926486818351,0.14756019497636136,1.0,0.1946739211756556,0.1946739211756556,0.0,0.0
crisp_limit,real,100,1.0,50,0.8560330578512396,17.42,313.56859513300276,21.424557703273468,0.9062163648642689,0.9062163648642689,1.0,0.9062163648642689,0.9062163648642689,0.9062163648642689,0.0,0.012283412527890676,0.21352280467783455,1.0,0.19499765226580365,0.19499765226580365,0.0,0.0
narrow,real,10,1.0,50,0.9077685950413223,11.16,29.167407295018947,25.51205961625253,0.9172606232486521,0.9282051921589819,0.9959422585823461,0.9181125774751433,0.9198955886581195,0.9172606232486521,0.01807490745724314,0.024505928040915642,0.07256979106681785,1.0,0.18017566288986878,0.18017566288986875,0.0,1.1102230246251563e-16
narrow,real,40,1.0,50,0.8770247933884298,14.88,117.40998067804323,22.81110672767315,0.90823561961154,0.9172848918645193,1.0,0.9074377518265686,0.9094578402241684,0.90823561961154,0.0,0.022629847205320467,0.14352712468517625,1.0,0.18289530553544803,0.18289530553544803,0.0,1.1102230246251563e-16
narrow,real,100,1.0,50,0.8623140495867768,16.66,295.9100021977584,21.281325748877975,0.9053923513970872,0.9144700308657004,1.0,0.9048635095590796,0.9060881255827573,0.9053923513970872,0.0,0.021600821516704224,0.20657752927869832,1.0,0.18313510586884324,0.18313510586884318,0.0,1.1102230246251563e-16
trained_support,real,10,0.96,48,0.8697520661157024,15.72,27.833388509750897,20.822050920739457,0.9073762479462715,0.965240704279147,0.9264878916284971,0.90599830279717,0.9105912828361018,0.9073762479462715,0.2256912350335107,0.03008760921834444,0.0718104422551445,0.98,0.17260424011571998,0.17260424011571998,0.0,1.1102230246251563e-16
trained_support,real,40,1.0,50,0.8391735537190083,19.46,113.7074213216081,19.21694169784108,0.9024345500107568,0.954204973485421,0.9187379531436504,0.9012173512850005,0.9042098904910421,0.9024345500107568,0.05701258160406868,0.029164120297185226,0.10714221625243601,1.0,0.18052865258190226,0.18052865258190223,0.0,1.1102230246251563e-16
trained_support,real,100,1.0,50,0.8416528925619835,19.16,283.1182638395849,19.167759761506094,0.9012695153121488,0.9481922716882635,0.9170104754987085,0.8998595721810279,0.9029603095361048,0.9012695153121488,0.007129176867520764,0.02863451271713995,0.13978504332715141,1.0,0.17408165186693722,0.1740816518669372,0.0,1.1102230246251563e-16
wide_ood,real,10,0.46,23,0.36082644628099175,76.8,34.54848978941461,-29.422422485843825,0.8961261449940099,0.9906896400292803,0.9009740217225647,0.8947275525312136,0.8981108156846785,0.8961261449940099,0.5631559991950875,0.031209704886949532,0.07165681577583931,0.46,0.17334172482535812,0.17334172482535812,0.0,1.1102230246251563e-16
wide_ood,real,40,0.2,10,0.07785123966942148,110.78,152.3796276979282,-56.89681968702283,0.8919724558836853,1.0,0.8931528671269419,0.8909116748523812,0.8931080324775243,0.8919724558836853,0.5007008128686183,0.02957086017208743,0.08327605017741288,0.22,0.18819005002902106,0.18819005002902103,0.0,1.1102230246251563e-16
wide_ood,real,100,0.0,0,0.0,120.0,393.87393741267437,-60.600559975454665,0.8900585361659217,1.0,0.890909396868578,0.8881982200523109,0.891974559541778,0.8900585361659217,0.48626838843199033,0.02987247599473681,0.08502521671493474,0.02,0.18736463660171548,0.18736463660171548,0.0,1.1102230246251563e-16
trained_support,zero,10,0.76,38,0.6228099173553718,45.4,37.585754552509314,-17.815565814757132,0.8689819921111375,0.9541215718519213,0.9264878916284971,0.9050778490891467,0.9055985279848656,0.9044765206854984,0.21234989910679786,0.03150566185989423,0.07319227895021913,0.98,0.2639923665220913,0.26399236652209124,0.0,1.1102230246251563e-16
trained_support,zero,40,0.36,18,0.26925619834710746,87.78,157.53688773681958,-74.49121256132106,0.7741447933008014,0.9780217470437248,0.9187379531436504,0.9101508794740741,0.9112567289882869,0.9105433402338964,0.17540905489336286,0.026424243969238082,0.07916969174298788,1.0,0.3218943364042357,0.3218943364042357,0.0,1.1102230246251563e-16
trained_support,zero,100,0.12,6,0.08611570247933883,109.7,401.31893206651637,-107.52449201990932,0.7188482397593028,0.9929012494782141,0.9170104754987085,0.9122452192287972,0.9146279469365277,0.9134074414589028,0.18513009551573933,0.024598707181008407,0.07248580596700148,1.0,0.33790639293139596,0.33790639293139596,0.0,1.1102230246251563e-16
trained_support,shuffled,10,0.96,48,0.8492561983471074,18.2,28.68371636439529,19.668824137285878,0.9062492195761674,0.9590912881981691,0.9264878916284971,0.9050916030644524,0.9109541561016021,0.9062492195761674,0.21925284043094354,0.03145749905308836,0.07489853737359234,0.98,0.17644423987507782,0.17644423987507782,0.0,1.1102230246251563e-16
trained_support,shuffled,40,1.0,50,0.7763636363636364,27.06,124.13403345354403,15.313611429781732,0.9011679554557062,0.9481092299180933,0.9187379531436504,0.9002611052841516,0.9028155702997869,0.9012464215635828,0.06205049345838419,0.030346280163331203,0.10391750613538871,1.0,0.19955597721371088,0.19955597721371085,0.0,1.1102230246251563e-16
trained_support,shuffled,100,1.0,50,0.7601652892561984,29.02,317.88977068884356,14.799106259891282,0.9005155183776913,0.9458471869489047,0.9170104754987085,0.8988476656013523,0.9024379803944373,0.9005155183776913,0.01215212384894018,0.030011661100604662,0.12613437762719573,1.0,0.20279841273984225,0.20279841273984225,0.0,1.1102230246251563e-16
