scenario,agents,step,member,centre,half_width,lower,upper,group_mean_centre,consensus
persona_proxy_n10,10,0,0,0.299328096578684,0.025448938310087488,0.2738791582685965,0.32477703488877147,0.41186517664030814,0.39360871861663954
persona_proxy_n10,10,0,1,0.5681465998833912,0.028180178896677184,0.539966420986714,0.5963267787800685,0.41186517664030814,0.39360871861663954
persona_proxy_n10,10,0,2,0.44897911993702333,0.06672856100777537,0.382250558929248,0.5157076809447987,0.41186517664030814,0.39360871861663954
persona_proxy_n10,10,0,3,0.22658732828722428,0.06772250863121393,0.15886481965601035,0.2943098369184382,0.41186517664030814,0.39360871861663954
persona_proxy_n10,10,0,4,0.5835869914800453,0.0713712083328173,0.512215783147228,0.6549581998128626,0.41186517664030814,0.39360871861663954
persona_proxy_n10,10,0,5,0.2555721938304362,0.06356911581647957,0.19200307801395666,0.3191413096469158,0.41186517664030814,0.39360871861663954
persona_proxy_n10,10,0,6,0.17667692718089995,0.03041540796554336,0.14626151921535657,0.20709233514644332,0.41186517664030814,0.39360871861663954
persona_proxy_n10,10,0,7,0.6107029144444837,0.07874399258902683,0.5319589218554568,0.6894469070335105,0.41186517664030814,0.39360871861663954
persona_proxy_n10,10,0,8,0.7136138803392484,0.03416624296408434,0.6794476373751641,0.7477801233033328,0.41186517664030814,0.39360871861663954
persona_proxy_n10,10,0,9,0.23545771444164518,0.03448168945683991,0.20097602498480527,0.2699394038984851,0.41186517664030814,0.39360871861663954
persona_proxy_n10,10,1,0,0.3676793361662257,0.025448938310087488,0.34223039785613824,0.3931282744763132,0.41678296630242206,0.533433502608324
persona_proxy_n10,10,1,1,0.5117191024050585,0.028180178896677184,0.4835389235083813,0.5398992813017357,0.41678296630242206,0.533433502608324
persona_proxy_n10,10,1,2,0.4316435450949507,0.06672856100777537,0.3649149840871753,0.49837210610272603,0.41678296630242206,0.533433502608324
persona_proxy_n10,10,1,3,0.27299612216659164,0.06772250863121393,0.2052736135353777,0.34071863079780557,0.41678296630242206,0.533433502608324
persona_proxy_n10,10,1,4,0.5134304974195008,0.0713712083328173,0.44205928908668346,0.584801705752318,0.41678296630242206,0.533433502608324
persona_proxy_n10,10,1,5,0.3158860447081199,0.06356911581647957,0.2523169288916403,0.37945516052459943,0.41678296630242206,0.533433502608324
persona_proxy_n10,10,1,6,0.26352313591875925,0.03041540796554336,0.23310772795321588,0.2939385438843026,0.41678296630242206,0.533433502608324
persona_proxy_n10,10,1,7,0.5522597752481108,0.07874399258902683,0.47351578265908395,0.6310037678371376,0.41678296630242206,0.533433502608324
persona_proxy_n10,10,1,8,0.6347870961410189,0.03416624296408434,0.6006208531769346,0.6689533391051032,0.41678296630242206,0.533433502608324
persona_proxy_n10,10,1,9,0.3039050077558846,0.03448168945683991,0.26942331829904465,0.3383866972127245,0.41678296630242206,0.533433502608324
persona_proxy_n10,10,2,0,0.41345940038450757,0.025448938310087488,0.3880104620744201,0.43890833869459506,0.418543770884151,0.696380619531293
persona_proxy_n10,10,2,1,0.4604094717696875,0.028180178896677184,0.4322292928730103,0.48858965066636467,0.418543770884151,0.696380619531293
persona_proxy_n10,10,2,2,0.40405451995486624,0.06672856100777537,0.3373259589470909,0.4707830809626416,0.418543770884151,0.696380619531293
persona_proxy_n10,10,2,3,0.32154710737188724,0.06772250863121393,0.2538245987406733,0.38926961600310117,0.418543770884151,0.696380619531293
persona_proxy_n10,10,2,4,0.4447525345684867,0.0713712083328173,0.3733813262356694,0.516123742901304,0.418543770884151,0.696380619531293
persona_proxy_n10,10,2,5,0.3699953588292831,0.06356911581647957,0.3064262430128035,0.43356447464576264,0.418543770884151,0.696380619531293
persona_proxy_n10,10,2,6,0.34520767507310257,0.03041540796554336,0.3147922671075592,0.37562308303864594,0.418543770884151,0.696380619531293
persona_proxy_n10,10,2,7,0.49803220431951234,0.07874399258902683,0.4192882117304855,0.5767761969085392,0.418543770884151,0.696380619531293
persona_proxy_n10,10,2,8,0.5591051365098815,0.03416624296408434,0.5249388935457971,0.5932713794739658,0.418543770884151,0.696380619531293
persona_proxy_n10,10,2,9,0.36887430006029526,0.03448168945683991,0.3343926106034554,0.40335598951713514,0.418543770884151,0.696380619531293
persona_proxy_n10,10,3,0,0.4059636538778748,0.025448938310087488,0.3805147155677873,0.4314125921879623,0.41291539467106364,0.829993768618581
persona_proxy_n10,10,3,1,0.4192199405041575,0.028180178896677184,0.39103976160748033,0.4474001194008347,0.41291539467106364,0.829993768618581
persona_proxy_n10,10,3,2,0.4000435948334516,0.06672856100777537,0.33331503382567623,0.46677215584122694,0.41291539467106364,0.829993768618581
persona_proxy_n10,10,3,3,0.3603562219277262,0.06772250863121393,0.2926337132965123,0.42807873055894013,0.41291539467106364,0.829993768618581
persona_proxy_n10,10,3,4,0.39917494104332163,0.0713712083328173,0.32780373271050434,0.4705461493761389,0.41291539467106364,0.829993768618581
persona_proxy_n10,10,3,5,0.39945093749517047,0.06356911581647957,0.3358818216786909,0.46302005331165,0.41291539467106364,0.829993768618581
persona_proxy_n10,10,3,6,0.40668147936126336,0.03041540796554336,0.37626607139572,0.43709688732680674,0.41291539467106364,0.829993768618581
persona_proxy_n10,10,3,7,0.4501767428802437,0.07874399258902683,0.37143275029121686,0.5289207354692705,0.41291539467106364,0.829993768618581
persona_proxy_n10,10,3,8,0.48355438317008065,0.03416624296408434,0.4493881402059963,0.517720626134165,0.41291539467106364,0.829993768618581
persona_proxy_n10,10,3,9,0.4045320516173465,0.03448168945683991,0.3700503621605066,0.43901374107418645,0.41291539467106364,0.829993768618581
persona_proxy_n10,10,4,0,0.40090231608290056,0.025448938310087488,0.37545337777281307,0.42635125439298804,0.40292856737880084,0.8961236792313007
persona_proxy_n10,10,4,1,0.39938623083488806,0.028180178896677184,0.3712060519382109,0.42756640973156523,0.40292856737880084,0.8961236792313007
persona_proxy_n10,10,4,2,0.39718079498505304,0.06672856100777537,0.3304522339772777,0.4639093559928284,0.40292856737880084,0.8961236792313007
persona_proxy_n10,10,4,3,0.38851852564403583,0.06772250863121393,0.3207960170128219,0.45624103427524976,0.40292856737880084,0.8961236792313007
persona_proxy_n10,10,4,4,0.39764797106672756,0.0713712083328173,0.32627676273391026,0.46901917939954485,0.40292856737880084,0.8961236792313007
persona_proxy_n10,10,4,5,0.39983154758362605,0.06356911581647957,0.3362624317671465,0.4634006634001056,0.40292856737880084,0.8961236792313007
persona_proxy_n10,10,4,6,0.4072264035811686,0.03041540796554336,0.3768109956156252,0.43764181154671195,0.40292856737880084,0.8961236792313007
persona_proxy_n10,10,4,7,0.41159834966079517,0.07874399258902683,0.33285435707176836,0.490342342249822,0.40292856737880084,0.8961236792313007
persona_proxy_n10,10,4,8,0.42311201264713894,0.03416624296408434,0.3889457696830546,0.45727825561122326,0.40292856737880084,0.8961236792313007
persona_proxy_n10,10,4,9,0.4038815217016741,0.03448168945683991,0.3693998322448342,0.43836321115851395,0.40292856737880084,0.8961236792313007
persona_proxy_n10,10,5,0,0.39785990558386436,0.025448938310087488,0.37241096727377687,0.42330884389395185,0.3985722850089891,0.903867774752053
persona_proxy_n10,10,5,1,0.39793112203716124,0.028180178896677184,0.36975094314048407,0.4261113009338384,0.3985722850089891,0.903867774752053
persona_proxy_n10,10,5,2,0.3945383799747178,0.06672856100777537,0.32780981896694245,0.46126694098249316,0.3985722850089891,0.903867774752053
persona_proxy_n10,10,5,3,0.40077249514353597,0.06772250863121393,0.33304998651232204,0.4684950037747499,0.3985722850089891,0.903867774752053
persona_proxy_n10,10,5,4,0.39569276390279307,0.0713712083328173,0.3243215555699758,0.46706397223561036,0.3985722850089891,0.903867774752053
persona_proxy_n10,10,5,5,0.39785230423522366,0.06356911581647957,0.3342831884187441,0.4614214200517032,0.3985722850089891,0.903867774752053
persona_proxy_n10,10,5,6,0.40416109036696823,0.03041540796554336,0.37374568240142486,0.4345764983325116,0.3985722850089891,0.903867774752053
persona_proxy_n10,10,5,7,0.3965609363612022,0.07874399258902683,0.3178169437721754,0.475304928950229,0.3985722850089891,0.903867774752053
persona_proxy_n10,10,5,8,0.4003916711472522,0.03416624296408434,0.3662254281831679,0.43455791411133654,0.3985722850089891,0.903867774752053
persona_proxy_n10,10,5,9,0.3999621813371719,0.03448168945683991,0.36548049188033194,0.4344438707940118,0.3985722850089891,0.903867774752053
