scenario,step,member,acceptance,suggestion,actual_movement,step_cost,cumulative_cost,consensus
persona_proxy_n10,1,0,0.8187437222530977,0.8348307013511658,0.06835123958754176,1.2890140711941687,1.2890140711941687,0.533433502608324
persona_proxy_n10,1,1,0.6769987118835046,-0.8334949016571045,-0.05642749747833281,1.806626588197767,1.806626588197767,0.533433502608324
persona_proxy_n10,1,2,0.8875036317986913,-0.19532962143421173,-0.01733557484207264,0.11175933750079343,0.11175933750079343,0.533433502608324
persona_proxy_n10,1,3,0.5009732747977664,0.9263726472854614,0.04640879387936739,1.0384636776393095,1.0384636776393095,0.533433502608324
persona_proxy_n10,1,4,0.8165604515846542,-0.8591708540916443,-0.07015649406054461,1.1809206400799408,1.1809206400799408,0.533433502608324
persona_proxy_n10,1,5,0.67154833762618,0.8981311917304993,0.06031385087768368,0.8013101936467807,0.8013101936467807,0.533433502608324
persona_proxy_n10,1,6,0.9070515321934617,0.9574561715126038,0.08684620873785931,5.005906676929184,5.005906676929184,0.533433502608324
persona_proxy_n10,1,7,0.6571611168623962,-0.8893274068832397,-0.058443139196372854,2.2464409541611237,2.2464409541611237,0.533433502608324
persona_proxy_n10,1,8,0.8303069538408031,-0.9493691921234131,-0.07882678419822953,3.6506693608321106,3.6506693608321106,0.533433502608324
persona_proxy_n10,1,9,0.7456258181481876,0.9179844856262207,0.0684472933142394,3.096658692164371,3.096658692164371,0.533433502608324
persona_proxy_n10,2,0,0.8202369715494585,0.5581321716308594,0.045780064218281874,0.578252691714546,1.8672667629087147,0.696380619531293
persona_proxy_n10,2,1,0.6134455157042179,-0.8364170789718628,-0.051309630635371,1.4937729612007218,3.300399549398489,0.696380619531293
persona_proxy_n10,2,2,0.8716245732866491,-0.3165241777896881,-0.027589025140084433,0.28306099824269165,0.3948203357434851,0.696380619531293
persona_proxy_n10,2,3,0.5373083418951365,0.9035963416099548,0.048550985205295626,1.1365455390920327,2.1750092167313424,0.696380619531293
persona_proxy_n10,2,4,0.8131984401717792,-0.8445412516593933,-0.06867796285101407,1.1316699046912593,2.3125905447712,0.696380619531293
persona_proxy_n10,2,5,0.6542629518373488,0.8270270228385925,0.05410931412116321,0.6449270749552545,1.4462372686020353,0.696380619531293
persona_proxy_n10,2,6,0.9049624169709645,0.9026290774345398,0.0816845391543433,4.428541788751507,9.434448465680692,0.696380619531293
persona_proxy_n10,2,7,0.6022223953276338,-0.9004575610160828,-0.05422757092859844,1.9340524126990362,4.18049336686016,0.696380619531293
persona_proxy_n10,2,8,0.7976273842286616,-0.9488385319709778,-0.07568195963113744,3.36519022921752,7.015859590049631,0.696380619531293
persona_proxy_n10,2,9,0.7677053357010286,0.8462790250778198,0.06496929230441069,2.789954078755228,5.886612770919599,0.696380619531293
persona_proxy_n10,3,0,0.5398268742422562,-0.13885463774204254,-0.007495746506632765,0.015502246918373512,1.8827690098270882,0.829993768618581
persona_proxy_n10,3,1,0.6253024286467586,-0.6587137579917908,-0.041189531265529995,0.962632492983992,4.263032042382481,0.829993768618581
persona_proxy_n10,3,2,0.7282544834156381,-0.05507587268948555,-0.0040109251214146754,0.005982689074745017,0.4008030248182301,0.829993768618581
persona_proxy_n10,3,3,0.48360801983014934,0.8024911284446716,0.03880911455583897,0.7262032965248313,2.9012125132561737,0.829993768618581
persona_proxy_n10,3,4,0.8352426326448014,-0.5456808805465698,-0.045577593525165036,0.49841113850077057,2.8110016832719706,0.829993768618581
persona_proxy_n10,3,5,0.6652426746289287,0.44277945160865784,0.029455578665887383,0.19111803424807688,1.6373553028501122,0.829993768618581
persona_proxy_n10,3,6,0.899790331054775,0.6832014322280884,0.06147380428816081,2.5081944412581203,11.942642906938811,0.829993768618581
persona_proxy_n10,3,7,0.5701959600203637,-0.8392809629440308,-0.04785546143926869,1.506228821551466,5.686722188411626,0.829993768618581
persona_proxy_n10,3,8,0.816977729991475,-0.924759030342102,-0.07555075333980082,3.3535321960962396,10.36939178614587,0.829993768618581
persona_proxy_n10,3,9,0.7285732083303769,0.4894189238548279,0.03565775155705124,0.8404051252196633,6.727017896139262,0.829993768618581
persona_proxy_n10,4,0,0.49724296771050475,-0.10178802162408829,-0.0050613377949742695,0.00706798329437564,1.8898369931214638,0.8961236792313007
persona_proxy_n10,4,1,0.6817677971860984,-0.29091590642929077,-0.019833709669269468,0.22320027260256114,4.486232314985042,0.8961236792313007
persona_proxy_n10,4,2,0.6901891702542381,-0.041478481143713,-0.0028627998483985334,0.003047819863515983,0.4038508446817461,0.8961236792313007
persona_proxy_n10,4,3,0.5080546166917178,0.5543164610862732,0.02816230371630961,0.38240811796509494,3.2836206312212686,0.8961236792313007
persona_proxy_n10,4,4,0.5819286121554381,-0.02623981609940529,-0.0015269699765940842,0.0005594302594700014,2.8115611135314404,0.8961236792313007
persona_proxy_n10,4,5,0.68603008363781,0.005548008717596531,0.0003806100884556048,3.1910024877914695e-05,1.6373872128749902,0.8961236792313007
persona_proxy_n10,4,6,0.9007762116750806,0.006049496121704578,0.0005449242199052143,0.00019708485085418036,11.942839991789665,0.8961236792313007
persona_proxy_n10,4,7,0.621817036262545,-0.6204138994216919,-0.03857839321944852,0.9788501415662575,6.665572329977884,0.8961236792313007
persona_proxy_n10,4,8,0.7763767470523595,-0.778518557548523,-0.06044237052294174,2.1463861609890285,12.515777947134898,0.8961236792313007
persona_proxy_n10,4,9,0.47506354395765976,-0.013693534769117832,-0.0006505299156724553,0.00027971472467972684,6.727297610863942,0.8961236792313007
persona_proxy_n10,5,0,0.4848727446503192,-0.0627465769648552,-0.003042410499036183,0.002553880018254554,1.8923908731397183,0.903867774752053
persona_proxy_n10,5,1,0.2939636535638362,-0.04949961602687836,-0.001455108797726818,0.0012013726768185541,4.48743368766186,0.903867774752053
persona_proxy_n10,5,2,0.7125661108569217,-0.037083085626363754,-0.0026424150103352235,0.0025966258692203432,0.4064474705509664,0.903867774752053
persona_proxy_n10,5,3,0.5832568383485917,0.2100955992937088,0.01225396949950012,0.07240096212988974,3.356021593351158,0.903867774752053
persona_proxy_n10,5,4,0.541312628283619,-0.0361197404563427,-0.001955207163934503,0.000917213666754615,2.8124783271981952,0.903867774752053
persona_proxy_n10,5,5,0.40146960248271996,-0.04929995536804199,-0.001979243348402366,0.0008629088833532412,1.6382501217583434,0.903867774752053
persona_proxy_n10,5,6,0.8888668943857935,-0.034485626965761185,-0.003065313214200312,0.00623635365627527,11.94907634544594,0.903867774752053
persona_proxy_n10,5,7,0.6655853867197337,-0.22592763602733612,-0.015037413299592975,0.14872165505354548,6.81429398503143,0.903867774752053
persona_proxy_n10,5,8,0.835230396244556,-0.27202484011650085,-0.0227203414998867,0.3032875560022171,12.819065503137116,0.903867774752053
persona_proxy_n10,5,9,0.7500810388763647,-0.05225222557783127,-0.003919340364502183,0.010153288890796955,6.737450899754739,0.903867774752053
